{
  "customers": [
    {
      "id": "1",
      "name": "CYBAEM TECH PRIVATE LIMITED ",
      "email": "priyanka.k@cybaemtech.com",
      "phone": "904415898",
      "billingAddress": {
        "street": "Hinjewadi",
        "city": "Pune",
        "state": "Maharashtra",
        "country": "India",
        "pincode": "411057"
      },
      "shippingAddress": {
        "street": "Hinjewadi",
        "city": "Pune",
        "state": "Maharashtra",
        "country": "India",
        "pincode": "411057"
      },
      "createdAt": "2024-01-01T00:00:00.000Z",
      "displayName": "CYBAEM TECH PRIVATE LIMITED ",
      "companyName": "CYBAEM TECH PRIVATE LIMITED ",
      "workPhone": "904415898",
      "mobile": "",
      "gstTreatment": "Registered Business - Composition",
      "placeOfSupply": "Karnataka",
      "gstin": "27AAGCA4900Q1ZE",
      "pan": "AAGCA4900Q",
      "taxPreference": "taxable",
      "currency": "INR",
      "paymentTerms": "",
      "customerType": "business",
      "contactPersons": [],
      "updatedAt": "2025-12-16T07:11:42.929Z",
      "status": "inactive",
      "exemptionReason": ""
    },
    {
      "id": "2",
      "name": "Ashtvinayak Education ",
      "email": "ganeshkale030303@gmail.com",
      "phone": "",
      "billingAddress": {
        "street": "",
        "city": "Pune",
        "state": "Maharashtra",
        "country": "India",
        "pincode": ""
      },
      "shippingAddress": {
        "street": "",
        "city": "Pune",
        "state": "Maharashtra",
        "country": "India",
        "pincode": ""
      },
      "createdAt": "2024-01-01T00:00:00.000Z",
      "status": "active",
      "updatedAt": "2026-01-06T12:41:18.920Z",
      "displayName": "Ashtvinayak Education ",
      "companyName": "Ashtvinayak Education",
      "workPhone": "",
      "mobile": "",
      "gstTreatment": "",
      "placeOfSupply": "",
      "gstin": "",
      "pan": "",
      "taxPreference": "taxable",
      "currency": "INR",
      "paymentTerms": "",
      "customerType": "business",
      "contactPersons": [],
      "exemptionReason": ""
    },
    {
      "id": "4",
      "name": "Saturo Technologies Private Limited",
      "email": "Saturo@gmail.com",
      "phone": "",
      "billingAddress": {
        "street": "",
        "city": "",
        "state": "",
        "country": "India",
        "pincode": ""
      },
      "shippingAddress": {
        "street": "",
        "city": "",
        "state": "",
        "country": "India",
        "pincode": ""
      },
      "createdAt": "2024-01-01T00:00:00.000Z",
      "displayName": "Saturo Technologies Private Limited",
      "companyName": "Saturo Technologies Private Limited",
      "workPhone": "",
      "mobile": "",
      "gstTreatment": "Consumer",
      "placeOfSupply": "Karnataka",
      "gstin": "",
      "pan": "",
      "taxPreference": "taxable",
      "currency": "INR",
      "paymentTerms": "",
      "customerType": "business",
      "contactPersons": [],
      "updatedAt": "2025-12-12T06:16:44.695Z"
    },
    {
      "id": "6",
      "name": "Ganesh kale",
      "displayName": "Ganesh kale",
      "companyName": "Amazon",
      "email": "ganeshkale030303@gmail.com",
      "phone": "9028441589",
      "workPhone": "9028441589",
      "mobile": "",
      "gstTreatment": "Registered Business - Regular",
      "receivables": "₹0.00",
      "avatar": "GA",
      "pan": "",
      "customerType": "business",
      "status": "active",
      "billingAddress": {
        "street": "",
        "city": "",
        "state": "",
        "country": "India",
        "pincode": ""
      },
      "shippingAddress": {
        "street": "",
        "city": "",
        "state": "",
        "country": "India",
        "pincode": ""
      },
      "currency": "INR",
      "paymentTerms": "Due on Receipt",
      "placeOfSupply": "Maharashtra",
      "taxPreference": "taxable",
      "portalStatus": "disabled",
      "contactPersons": [],
      "createdAt": "2025-12-12T06:54:53.423Z",
      "updatedAt": "2026-01-06T09:26:10.033Z",
      "gstin": "",
      "exemptionReason": ""
    },
    {
      "id": "11",
      "name": "Prajwal Traders",
      "displayName": "Prajwal Traders",
      "companyName": "Prajwal Traders",
      "email": "prajwalkadam@gmail.com",
      "phone": "9272940350",
      "workPhone": "9272940350",
      "mobile": "9272940351",
      "gstTreatment": "Consumer",
      "gstin": "27AAGCA4900Q1ZQ",
      "receivables": "0.00",
      "avatar": "PR",
      "pan": "AAGCA4900M",
      "customerType": "business",
      "status": "active",
      "billingAddress": {
        "street": "bhumkar chowk, pune",
        "city": "Pune",
        "state": "Maharashtra",
        "country": "India",
        "pincode": "411057"
      },
      "shippingAddress": {
        "street": "bhumkar chowk, pune",
        "city": "Pune",
        "state": "Maharashtra",
        "country": "India",
        "pincode": "411057"
      },
      "currency": "INR",
      "paymentTerms": "net_15",
      "placeOfSupply": "27 - Maharashtra",
      "taxPreference": "taxable",
      "exemptionReason": "",
      "portalStatus": "disabled",
      "contactPersons": [
        {
          "salutation": "Mr.",
          "firstName": "Gajadar",
          "lastName": "Kambale",
          "email": "gajadarkambale@gmail.com",
          "workPhone": "9354207766",
          "mobile": ""
        }
      ],
      "createdAt": "2025-12-19T05:46:30.666Z",
      "updatedAt": "2025-12-19T05:48:54.118Z"
    },
    {
      "id": "12",
      "name": "Mr. Soham Kale",
      "displayName": "Mr. Soham Kale",
      "companyName": "Wipro",
      "email": "soham@gmail.com",
      "phone": "9272940350",
      "workPhone": "9272940350",
      "mobile": "8459271486",
      "gstTreatment": "Registered Business - Regular",
      "gstin": "27AAGCA4900Q1ZQ",
      "receivables": "0.00",
      "avatar": "MR",
      "pan": "AAGCA4900Q",
      "customerType": "business",
      "status": "active",
      "billingAddress": {
        "street": "bhumkar chowk, pune, Wakad",
        "city": "Pune",
        "state": "Maharashtra",
        "country": "India",
        "pincode": "411057"
      },
      "shippingAddress": {
        "street": "bhumkar chowk, pune, Wakad",
        "city": "Pune",
        "state": "Maharashtra",
        "country": "India",
        "pincode": "411057"
      },
      "currency": "INR",
      "paymentTerms": "due_on_receipt",
      "placeOfSupply": "27 - Maharashtra",
      "taxPreference": "taxable",
      "exemptionReason": "",
      "portalStatus": "disabled",
      "contactPersons": [
        {
          "salutation": "mr",
          "firstName": "Shivam",
          "lastName": "kale",
          "email": "shivam@gmail.com",
          "workPhone": "2356253256",
          "mobile": "2356253256"
        }
      ],
      "createdAt": "2025-12-22T11:45:56.779Z",
      "updatedAt": "2025-12-22T11:45:56.779Z"
    },
    {
      "id": "13",
      "name": "Mr. Amit Verma",
      "displayName": "Mr. Amit Verma",
      "companyName": "TechNova Global Services Pvt. Ltd.",
      "email": "finance@technovaglobal.com",
      "phone": "02267894560",
      "workPhone": "02267894560",
      "mobile": "9898765432",
      "gstTreatment": "Registered Business - Regular",
      "gstin": "27AABCT6789L1Z2",
      "receivables": "0.00",
      "avatar": "TE",
      "pan": "AABCT6789L",
      "customerType": "business",
      "status": "active",
      "billingAddress": {
        "street": "TechNova Towers, Level 12,  Hinjewadi IT Park, Phase 2",
        "city": "Pune",
        "state": "Maharashtra",
        "country": "India",
        "pincode": "411057"
      },
      "shippingAddress": {
        "street": "TechNova Towers, Level 12,  Hinjewadi IT Park, Phase 2",
        "city": "Pune",
        "state": "Maharashtra",
        "country": "India",
        "pincode": "411057"
      },
      "currency": "INR",
      "paymentTerms": "net_30",
      "placeOfSupply": "27 - Maharashtra",
      "taxPreference": "taxable",
      "exemptionReason": "",
      "portalStatus": "disabled",
      "contactPersons": [
        {
          "salutation": "mr",
          "firstName": "Shivam",
          "lastName": "kale",
          "email": "shivam@gmail.com",
          "workPhone": "2356253256",
          "mobile": "2356253256"
        }
      ],
      "createdAt": "2025-12-23T06:03:01.913Z",
      "updatedAt": "2025-12-23T06:04:33.349Z"
    },
    {
      "id": "14",
      "name": "CYBAEM TECH PRIVATE LIMITED  (Copy)",
      "email": "priyanka.k@cybaemtech.com",
      "phone": "904415898",
      "billingAddress": {
        "street": "Hinjewadi",
        "city": "Pune",
        "state": "Maharashtra",
        "country": "India",
        "pincode": "411057"
      },
      "shippingAddress": {
        "street": "Hinjewadi",
        "city": "Pune",
        "state": "Maharashtra",
        "country": "India",
        "pincode": "411057"
      },
      "createdAt": "2026-01-12T06:52:23.397Z",
      "displayName": "CYBAEM TECH PRIVATE LIMITED ",
      "companyName": "CYBAEM TECH PRIVATE LIMITED ",
      "workPhone": "904415898",
      "mobile": "",
      "gstTreatment": "Registered Business - Composition",
      "placeOfSupply": "Karnataka",
      "gstin": "27AAGCA4900Q1ZE",
      "pan": "AAGCA4900Q",
      "taxPreference": "taxable",
      "currency": "INR",
      "paymentTerms": "",
      "customerType": "business",
      "contactPersons": [],
      "updatedAt": "2026-01-12T06:52:23.397Z",
      "status": "inactive",
      "exemptionReason": ""
    }
  ],
  "nextCustomerId": 15
}