{
  "summary": {
    "totalReceivables": {
      "totalUnpaid": 245780.50,
      "current": 185000.00,
      "overdue": 60780.50
    },
    "totalPayables": {
      "totalUnpaid": 125650.00,
      "current": 98500.00,
      "overdue": 27150.00
    },
    "cashOnHand": 450000.00,
    "bankBalance": 1250000.00,
    "totalIncome": 850000.00,
    "totalExpenses": 725535.00
  },
  "cashFlow": [
    {
      "month": "Apr 2025",
      "value": 120000,
      "incoming": 180000,
      "outgoing": 60000
    },
    {
      "month": "May 2025",
      "value": 145000,
      "incoming": 195000,
      "outgoing": 50000
    },
    {
      "month": "Jun 2025",
      "value": 180000,
      "incoming": 220000,
      "outgoing": 40000
    },
    {
      "month": "Jul 2025",
      "value": 165000,
      "incoming": 210000,
      "outgoing": 45000
    },
    {
      "month": "Aug 2025",
      "value": 195000,
      "incoming": 250000,
      "outgoing": 55000
    },
    {
      "month": "Sep 2025",
      "value": 220000,
      "incoming": 280000,
      "outgoing": 60000
    },
    {
      "month": "Oct 2025",
      "value": 245000,
      "incoming": 310000,
      "outgoing": 65000
    },
    {
      "month": "Nov 2025",
      "value": 275000,
      "incoming": 350000,
      "outgoing": 75000
    },
    {
      "month": "Dec 2025",
      "value": 310000,
      "incoming": 395000,
      "outgoing": 85000
    },
    {
      "month": "Jan 2026",
      "value": 290000,
      "incoming": 360000,
      "outgoing": 70000
    },
    {
      "month": "Feb 2026",
      "value": 320000,
      "incoming": 400000,
      "outgoing": 80000
    },
    {
      "month": "Mar 2026",
      "value": 350000,
      "incoming": 430000,
      "outgoing": 80000
    }
  ],
  "incomeExpense": [
    {
      "month": "Apr 2025",
      "income": 85000,
      "expense": 45000
    },
    {
      "month": "May 2025",
      "income": 92000,
      "expense": 52000
    },
    {
      "month": "Jun 2025",
      "income": 78000,
      "expense": 48000
    },
    {
      "month": "Jul 2025",
      "income": 105000,
      "expense": 62000
    },
    {
      "month": "Aug 2025",
      "income": 118000,
      "expense": 71000
    },
    {
      "month": "Sep 2025",
      "income": 125000,
      "expense": 68000
    },
    {
      "month": "Oct 2025",
      "income": 140000,
      "expense": 85000
    },
    {
      "month": "Nov 2025",
      "income": 155000,
      "expense": 92000
    },
    {
      "month": "Dec 2025",
      "income": 180000,
      "expense": 105000
    },
    {
      "month": "Jan 2026",
      "income": 145000,
      "expense": 78000
    },
    {
      "month": "Feb 2026",
      "income": 160000,
      "expense": 88000
    },
    {
      "month": "Mar 2026",
      "income": 175000,
      "expense": 95000
    }
  ],
  "topExpenses": [
    {
      "category": "Salaries and Employee Wages",
      "amount": 450000,
      "percentage": 45
    },
    {
      "category": "Rent Expense",
      "amount": 120000,
      "percentage": 12
    },
    {
      "category": "IT and Internet Expenses",
      "amount": 85000,
      "percentage": 8.5
    },
    {
      "category": "Travel Expense",
      "amount": 65000,
      "percentage": 6.5
    },
    {
      "category": "Office Supplies",
      "amount": 45000,
      "percentage": 4.5
    },
    {
      "category": "Advertising And Marketing",
      "amount": 38000,
      "percentage": 3.8
    },
    {
      "category": "Bank Fees and Charges",
      "amount": 33425,
      "percentage": 3.3
    },
    {
      "category": "Other Expenses",
      "amount": 163575,
      "percentage": 16.4
    }
  ],
  "recentTransactions": [
    {
      "id": "1",
      "type": "invoice",
      "description": "Invoice #INV-001 for Uraja Foods",
      "amount": 45000,
      "date": "2025-12-10"
    },
    {
      "id": "2",
      "type": "expense",
      "description": "Bank Fees and Charges",
      "amount": -33425,
      "date": "2025-12-10"
    },
    {
      "id": "3",
      "type": "payment",
      "description": "Payment received from Ashtvinayak Education",
      "amount": 75000,
      "date": "2025-12-09"
    },
    {
      "id": "4",
      "type": "expense",
      "description": "Office Supplies Purchase",
      "amount": -12500,
      "date": "2025-12-08"
    },
    {
      "id": "5",
      "type": "invoice",
      "description": "Invoice #INV-002 for TechCorp Solutions",
      "amount": 125000,
      "date": "2025-12-07"
    }
  ],
  "projects": [
    {
      "id": "1",
      "name": "Website Redesign",
      "client": "Uraja Foods",
      "progress": 75,
      "budget": 150000,
      "spent": 112500
    },
    {
      "id": "2",
      "name": "Mobile App Development",
      "client": "TechCorp Solutions",
      "progress": 45,
      "budget": 280000,
      "spent": 126000
    },
    {
      "id": "3",
      "name": "Brand Identity",
      "client": "Ashtvinayak Education",
      "progress": 90,
      "budget": 85000,
      "spent": 76500
    }
  ],
  "bankAccounts": [
    {
      "id": "1",
      "name": "HDFC Business Account",
      "balance": 850000,
      "type": "savings"
    },
    {
      "id": "2",
      "name": "ICICI Current Account",
      "balance": 400000,
      "type": "current"
    },
    {
      "id": "3",
      "name": "Petty Cash",
      "balance": 25000,
      "type": "cash"
    }
  ],
  "overdueInvoices": [
    {
      "id": "1",
      "invoiceNumber": "INV-2025-001",
      "customer": "Nilraj Bhilare",
      "amount": 35000,
      "dueDate": "2025-11-25",
      "daysOverdue": 15
    },
    {
      "id": "2",
      "invoiceNumber": "INV-2025-002",
      "customer": "Tech Solutions Pvt Ltd",
      "amount": 25780.50,
      "dueDate": "2025-11-30",
      "daysOverdue": 10
    }
  ],
  "accountWatchlist": [
    {
      "id": "1",
      "name": "Accounts Receivable",
      "balance": 245780.50,
      "change": 12.5
    },
    {
      "id": "2",
      "name": "Cash and Bank",
      "balance": 1275000,
      "change": 8.2
    },
    {
      "id": "3",
      "name": "Accounts Payable",
      "balance": 125650,
      "change": -5.3
    }
  ]
}