{
  "logs": [
    {
      "id": "uhhrr1608",
      "customerId": "6",
      "transactionId": "1767693714819",
      "transactionType": "quote",
      "type": "manual",
      "status": "failed",
      "errorMessage": "SMTP Server Timeout",
      "subject": "Quote QT-000021 from Cybaem Tech",
      "body": "Please find the attached quote QT-000021 for your review.",
      "recipient": "customer@example.com",
      "fromEmail": "sales@cybaemtech.com",
      "sentAt": "2026-01-06T10:02:08.061Z"
    },
    {
      "id": "7yl7mpdwr",
      "customerId": "13",
      "transactionId": "1766479661159",
      "transactionType": "quote",
      "type": "manual",
      "status": "sent",
      "subject": "Quote QT-000020 from Cybaem Tech",
      "body": "Please find the attached quote QT-000020 for your review.",
      "recipient": "customer@example.com",
      "fromEmail": "sales@cybaemtech.com",
      "sentAt": "2026-01-06T10:02:59.538Z"
    },
    {
      "id": "hmt3bfm5c",
      "customerId": "6",
      "transactionId": "1767693714819",
      "transactionType": "quote",
      "type": "manual",
      "status": "sent",
      "subject": "Quote QT-000021 from Cybaem Tech",
      "body": "Please find the attached quote QT-000021 for your review.",
      "recipient": "customer@example.com",
      "fromEmail": "sales@cybaemtech.com",
      "sentAt": "2026-01-06T10:22:18.966Z"
    },
    {
      "id": "kg8n3fekf",
      "customerId": "2",
      "transactionId": "1767093238706",
      "transactionType": "invoice",
      "type": "manual",
      "status": "sent",
      "subject": "Invoice INV-00041 from Cybaem Tech",
      "body": "Please find the attached invoice INV-00041 for your review.",
      "recipient": "customer@example.com",
      "fromEmail": "sales@cybaemtech.com",
      "sentAt": "2026-01-06T10:24:37.192Z"
    },
    {
      "id": "om9wkcokw",
      "customerId": "2",
      "transactionId": "1767093238706",
      "transactionType": "invoice",
      "type": "manual",
      "status": "sent",
      "subject": "Invoice INV-00041 from Cybaem Tech",
      "body": "Please find the attached invoice INV-00041 for your review.",
      "recipient": "customer@example.com",
      "fromEmail": "sales@cybaemtech.com",
      "sentAt": "2026-01-06T10:24:42.088Z"
    },
    {
      "id": "m7da50qlt",
      "customerId": "6",
      "transactionId": "1766636627252",
      "transactionType": "invoice",
      "type": "manual",
      "status": "sent",
      "subject": "Invoice INV-00040 from Cybaem Tech",
      "body": "Please find the attached invoice INV-00040 for your review.",
      "recipient": "customer@example.com",
      "fromEmail": "sales@cybaemtech.com",
      "sentAt": "2026-01-06T10:24:49.568Z"
    },
    {
      "id": "tatahu2or",
      "customerId": "6",
      "transactionId": "1766636627252",
      "transactionType": "invoice",
      "type": "manual",
      "status": "sent",
      "subject": "Invoice INV-00040 from Cybaem Tech",
      "body": "Please find the attached invoice INV-00040 for your review.",
      "recipient": "customer@example.com",
      "fromEmail": "ganesh.kale@cybaemtech.com",
      "sentAt": "2026-01-06T10:26:01.267Z"
    },
    {
      "id": "7gl0b6qzh",
      "customerId": "6",
      "transactionId": "1767693714819",
      "transactionType": "quote",
      "type": "manual",
      "status": "sent",
      "subject": "Quote QT-000021 from Cybaem Tech",
      "body": "Please find the attached quote QT-000021 for your review.",
      "recipient": "customer@example.com",
      "fromEmail": "ganesh.kale@cybaemtech.com",
      "sentAt": "2026-01-06T10:29:50.907Z"
    },
    {
      "id": "9sztxhzc8",
      "customerId": "1",
      "transactionId": "1767698689984",
      "transactionType": "quote",
      "type": "manual",
      "status": "sent",
      "subject": "Quote QT-000022 from Cybaem Tech",
      "body": "Please find the attached quote QT-000022 for your review.",
      "recipient": "customer@example.com",
      "fromEmail": "ganesh.kale@cybaemtech.com",
      "sentAt": "2026-01-06T11:25:24.529Z"
    },
    {
      "id": "nmeh8320q",
      "customerId": "1",
      "transactionId": "1767698689984",
      "transactionType": "quote",
      "type": "manual",
      "status": "sent",
      "subject": "Quote QT-000022 from Cybaem Tech",
      "body": "Please find the attached quote QT-000022 for your review.",
      "recipient": "customer@example.com",
      "fromEmail": "ganesh.kale@cybaemtech.com",
      "sentAt": "2026-01-06T11:25:40.823Z"
    },
    {
      "id": "8m8yr3r8j",
      "customerId": "1",
      "transactionId": "1767698689984",
      "transactionType": "quote",
      "type": "manual",
      "status": "sent",
      "subject": "Quote QT-000022 from Cybaem Tech",
      "body": "Please find the attached quote QT-000022 for your review.",
      "recipient": "customer@example.com",
      "fromEmail": "ganesh.kale@cybaemtech.com",
      "sentAt": "2026-01-06T11:38:59.059Z"
    },
    {
      "id": "3aknfmtv0",
      "customerId": "6",
      "transactionId": "1767693714819",
      "transactionType": "quote",
      "type": "manual",
      "status": "sent",
      "subject": "Quote QT-000021 from Cybaem Tech",
      "body": "Please find the attached quote QT-000021 for your review.",
      "recipient": "customer@example.com",
      "fromEmail": "ganesh.kale@cybaemtech.com",
      "sentAt": "2026-01-06T11:39:22.752Z"
    },
    {
      "id": "ze67fy8xl",
      "customerId": "6",
      "transactionId": "1767693714819",
      "transactionType": "quote",
      "type": "manual",
      "status": "sent",
      "subject": "Quote QT-000021 from Cybaem Tech",
      "body": "Please find the attached quote QT-000021 for your review.",
      "recipient": "customer@example.com",
      "fromEmail": "ganesh.kale@cybaemtech.com",
      "sentAt": "2026-01-06T12:32:51.741Z"
    },
    {
      "id": "5q7guzu8f",
      "customerId": "6",
      "transactionId": "1767693714819",
      "transactionType": "quote",
      "type": "manual",
      "status": "sent",
      "subject": "Quote QT-000021 from Cybaem Tech",
      "body": "Please find the attached quote QT-000021 for your review.",
      "recipient": "customer@example.com",
      "fromEmail": "ganesh.kale@cybaemtech.com",
      "sentAt": "2026-01-06T12:33:20.224Z"
    },
    {
      "id": "iyveypdju",
      "customerId": "12",
      "transactionId": "1766404092977",
      "transactionType": "quote",
      "type": "manual",
      "status": "sent",
      "subject": "Quote QT-000018 from Cybaem Tech",
      "body": "Please find the attached quote QT-000018 for your review.",
      "recipient": "customer@example.com",
      "fromEmail": "ganesh.kale@cybaemtech.com",
      "sentAt": "2026-01-06T12:44:02.151Z"
    },
    {
      "id": "y13hx9mat",
      "customerId": "1",
      "transactionId": "1767698689984",
      "transactionType": "quote",
      "type": "manual",
      "status": "sent",
      "subject": "Quote QT-000022 from Cybaem Tech",
      "body": "Please find the attached quote QT-000022 for your review.",
      "recipient": "customer@example.com",
      "fromEmail": "ganesh.kale@cybaemtech.com",
      "sentAt": "2026-01-07T05:59:38.902Z"
    },
    {
      "id": "90j466lbe",
      "customerId": "13",
      "transactionId": "1766484787877",
      "transactionType": "invoice",
      "type": "manual",
      "status": "sent",
      "subject": "Invoice INV-00039 from Cybaem Tech",
      "body": "Please find the attached invoice INV-00039 for your review.",
      "recipient": "customer@example.com",
      "fromEmail": "ganesh.kale@cybaemtech.com",
      "sentAt": "2026-01-07T12:06:44.392Z"
    },
    {
      "id": "ithqd6s4b",
      "customerId": "1",
      "transactionId": "1767698689984",
      "transactionType": "quote",
      "type": "manual",
      "status": "sent",
      "subject": "Quote QT-000022 from Cybaem Tech",
      "body": "Please find the attached quote QT-000022 for your review.",
      "recipient": "customer@example.com",
      "fromEmail": "ganesh.kale@cybaemtech.com",
      "sentAt": "2026-01-12T06:54:45.893Z"
    },
    {
      "id": "yegkxntm3",
      "customerId": "1",
      "transactionId": "1767698689984",
      "transactionType": "quote",
      "type": "manual",
      "status": "sent",
      "subject": "Quote QT-000022 from Cybaem Tech",
      "body": "Please find the attached quote QT-000022 for your review.",
      "recipient": "customer@example.com",
      "fromEmail": "ganesh.kale@cybaemtech.com",
      "sentAt": "2026-01-12T06:54:57.074Z"
    }
  ]
}