{
  "ewayBills": [
    {
      "id": "ewb-1765532859886",
      "ewayBillNumber": "EWB-000001",
      "documentType": "invoices",
      "transactionSubType": "sales_return",
      "customerId": "13",
      "customerName": "Mr. Amit Verma",
      "customerGstin": "",
      "documentNumber": "INV-00037",
      "documentId": "1766482754934",
      "date": "2025-12-12",
      "expiryDate": "2026-01-08",
      "transactionType": "regular",
      "dispatchFrom": {
        "street": "Hinjewadi - Wakad road",
        "city": "Hinjewadi",
        "state": "Pune",
        "country": "Maharashtra",
        "pincode": "India - 411057"
      },
      "billFrom": {
        "street": "Hinjewadi - Wakad road",
        "city": "Hinjewadi",
        "state": "Pune",
        "country": "Maharashtra",
        "pincode": "India - 411057"
      },
      "billTo": {
        "street": "",
        "city": "Pune",
        "state": "Maharashtra",
        "country": "India",
        "pincode": ""
      },
      "shipTo": {
        "street": "",
        "city": "Pune",
        "state": "Maharashtra",
        "country": "India",
        "pincode": ""
      },
      "placeOfDelivery": "[MH] - Maharashtra",
      "transporter": "transporter2",
      "distance": 53,
      "modeOfTransportation": "road",
      "vehicleType": "over_dimensional",
      "vehicleNo": "MH 12 8391",
      "transporterDocNo": "73282123",
      "transporterDocDate": "2025-12-25",
      "items": [],
      "total": 0,
      "status": "GENERATED",
      "createdAt": "2025-12-12T09:47:39.886Z",
      "updatedAt": "2025-12-24T04:26:47.942Z",
      "generatedAt": "2025-12-24T04:26:47.949Z"
    },
    {
      "id": "ewb-1765966143929",
      "ewayBillNumber": "EWB-000002",
      "documentType": "credit_notes",
      "transactionSubType": "supply",
      "customerId": "4",
      "customerName": "AABHA CONTRACEPTIVES PRIVATE LIMITED",
      "customerGstin": "",
      "documentNumber": "CN-00001",
      "documentId": "1",
      "date": "2025-12-17",
      "expiryDate": "2026-01-01",
      "transactionType": "regular",
      "dispatchFrom": {
        "street": "Hinjewadi - Wakad road",
        "city": "Hinjewadi",
        "state": "Pune",
        "country": "Maharashtra",
        "pincode": "India - 411057"
      },
      "billFrom": {
        "street": "Hinjewadi - Wakad road",
        "city": "Hinjewadi",
        "state": "Pune",
        "country": "Maharashtra",
        "pincode": "India - 411057"
      },
      "billTo": {
        "street": "",
        "city": "Pune",
        "state": "Maharashtra",
        "country": "India",
        "pincode": ""
      },
      "shipTo": {
        "street": "",
        "city": "Pune",
        "state": "Maharashtra",
        "country": "India",
        "pincode": ""
      },
      "placeOfDelivery": "[KA] - Karnataka",
      "transporter": "transporter1",
      "distance": 500,
      "modeOfTransportation": "road",
      "vehicleType": "regular",
      "vehicleNo": "MH24 4323",
      "transporterDocNo": "213123221",
      "transporterDocDate": "2025-12-19",
      "items": [],
      "total": 0,
      "status": "GENERATED",
      "createdAt": "2025-12-17T10:09:03.929Z",
      "updatedAt": "2025-12-17T10:10:16.488Z",
      "generatedAt": "2025-12-17T10:10:16.724Z"
    },
    {
      "id": "ewb-1765967128847",
      "ewayBillNumber": "EWB-000003",
      "documentType": "invoices",
      "transactionSubType": "supply",
      "customerId": "3",
      "customerName": "Abhijit Patil",
      "customerGstin": "",
      "documentNumber": "INV-00021",
      "documentId": "1765801976312",
      "date": "2025-12-17",
      "expiryDate": "2026-01-01",
      "transactionType": "regular",
      "dispatchFrom": {
        "street": "Hinjewadi - Wakad road",
        "city": "Hinjewadi",
        "state": "Pune",
        "country": "Maharashtra",
        "pincode": "India - 411057"
      },
      "billFrom": {
        "street": "Hinjewadi - Wakad road",
        "city": "Hinjewadi",
        "state": "Pune",
        "country": "Maharashtra",
        "pincode": "India - 411057"
      },
      "billTo": {
        "street": "\n\n",
        "city": "",
        "state": "",
        "country": "India",
        "pincode": ""
      },
      "shipTo": {
        "street": "",
        "city": "",
        "state": "",
        "country": "India",
        "pincode": ""
      },
      "placeOfDelivery": "[RJ] - Rajasthan",
      "transporter": "transporter1",
      "distance": 1999,
      "modeOfTransportation": "road",
      "vehicleType": "regular",
      "vehicleNo": "",
      "transporterDocNo": "",
      "transporterDocDate": "",
      "items": [],
      "total": 0,
      "status": "NOT_GENERATED",
      "createdAt": "2025-12-17T10:25:28.847Z",
      "updatedAt": "2025-12-17T10:25:28.847Z"
    },
    {
      "id": "ewb-1766404325439",
      "ewayBillNumber": "EWB-000004",
      "documentType": "invoices",
      "transactionSubType": "supply",
      "customerId": "12",
      "customerName": "Mr. Soham Kale",
      "customerGstin": "",
      "documentNumber": "INV-00029",
      "documentId": "1766404108260",
      "date": "2025-12-22",
      "expiryDate": "2026-01-08",
      "transactionType": "regular",
      "dispatchFrom": {
        "street": "Hinjewadi - Wakad road",
        "city": "Hinjewadi",
        "state": "Pune",
        "country": "Maharashtra",
        "pincode": "India - 411057"
      },
      "billFrom": {
        "street": "Hinjewadi - Wakad road",
        "city": "Hinjewadi",
        "state": "Pune",
        "country": "Maharashtra",
        "pincode": "India - 411057"
      },
      "billTo": {
        "street": "",
        "city": "",
        "state": "",
        "country": "India",
        "pincode": ""
      },
      "shipTo": {
        "street": "",
        "city": "",
        "state": "",
        "country": "India",
        "pincode": ""
      },
      "placeOfDelivery": "[MH] - Maharashtra",
      "transporter": "transporter1",
      "distance": 5000,
      "modeOfTransportation": "road",
      "vehicleType": "regular",
      "vehicleNo": "Trucck",
      "transporterDocNo": "MH 26 JH54391",
      "transporterDocDate": "",
      "items": [],
      "total": 0,
      "status": "GENERATED",
      "createdAt": "2025-12-22T11:52:05.439Z",
      "updatedAt": "2025-12-24T04:26:58.066Z",
      "generatedAt": "2025-12-24T04:26:58.073Z"
    },
    {
      "id": "ewb-1766462628965",
      "ewayBillNumber": "EWB-000005",
      "documentType": "credit_notes",
      "transactionSubType": "sales_return",
      "customerId": "1",
      "customerName": "CYBAEM TECH PRIVATE LIMITED ",
      "customerGstin": "",
      "documentNumber": "CN-00002",
      "documentId": "1765519677707",
      "date": "2025-12-23",
      "expiryDate": "2026-01-07",
      "transactionType": "regular",
      "dispatchFrom": {
        "street": "Hinjewadi - Wakad road",
        "city": "Hinjewadi",
        "state": "Pune",
        "country": "Maharashtra",
        "pincode": "India - 411057"
      },
      "billFrom": {
        "street": "Hinjewadi - Wakad road",
        "city": "Hinjewadi",
        "state": "Pune",
        "country": "Maharashtra",
        "pincode": "India - 411057"
      },
      "billTo": {
        "street": "",
        "city": "",
        "state": "",
        "country": "India",
        "pincode": ""
      },
      "shipTo": {
        "street": "",
        "city": "",
        "state": "",
        "country": "India",
        "pincode": ""
      },
      "placeOfDelivery": "[MH] - Maharashtra",
      "transporter": "transporter1",
      "distance": 20,
      "modeOfTransportation": "road",
      "vehicleType": "regular",
      "vehicleNo": "",
      "transporterDocNo": "",
      "transporterDocDate": "",
      "items": [],
      "total": 0,
      "status": "NOT_GENERATED",
      "createdAt": "2025-12-23T04:03:48.965Z",
      "updatedAt": "2025-12-23T04:03:48.965Z"
    },
    {
      "id": "ewb-1766473847778",
      "ewayBillNumber": "EWB-000006",
      "documentType": "invoices",
      "transactionSubType": "supply",
      "customerId": "13",
      "customerName": "Mr. Amit Verma",
      "customerGstin": "",
      "documentNumber": "INV-00030",
      "documentId": "1766470017031",
      "date": "2025-12-23",
      "expiryDate": "2026-01-07",
      "transactionType": "regular",
      "dispatchFrom": {
        "street": "Hinjewadi - Wakad road",
        "city": "Hinjewadi",
        "state": "Pune",
        "country": "Maharashtra",
        "pincode": "India - 411057"
      },
      "billFrom": {
        "street": "Hinjewadi - Wakad road",
        "city": "Hinjewadi",
        "state": "Pune",
        "country": "Maharashtra",
        "pincode": "India - 411057"
      },
      "billTo": {
        "street": "TechNova Towers, Level 12,  Hinjewadi IT Park, Phase 2",
        "city": "Pune",
        "state": "Maharashtra",
        "country": "India",
        "pincode": "411057"
      },
      "shipTo": {
        "street": "TechNova Towers, Level 12,  Hinjewadi IT Park, Phase 2",
        "city": "Pune",
        "state": "Maharashtra",
        "country": "India",
        "pincode": "411057"
      },
      "placeOfDelivery": "[DD] - Daman and Diu",
      "transporter": "transporter-1766464902847",
      "distance": 500,
      "modeOfTransportation": "road",
      "vehicleType": "regular",
      "vehicleNo": "MH12AB4567",
      "transporterDocNo": "KA05MN3421",
      "transporterDocDate": "2025-12-26",
      "items": [],
      "total": 238950,
      "status": "GENERATED",
      "createdAt": "2025-12-23T07:10:47.777Z",
      "updatedAt": "2025-12-23T07:10:47.777Z",
      "generatedAt": "2025-12-23T07:10:47.793Z"
    },
    {
      "id": "ewb-1767327713092",
      "ewayBillNumber": "EWB-000007",
      "documentType": "delivery_challans",
      "transactionSubType": "supply",
      "customerId": "1",
      "customerName": "CYBAEM TECH PRIVATE LIMITED ",
      "customerGstin": "",
      "documentNumber": "DC-00001",
      "documentId": "1",
      "date": "2026-01-02",
      "expiryDate": "2026-01-17",
      "transactionType": "regular",
      "dispatchFrom": {
        "street": "Hinjewadi - Wakad road",
        "city": "Hinjewadi",
        "state": "Pune",
        "country": "Maharashtra",
        "pincode": "India - 411057"
      },
      "billFrom": {
        "street": "Hinjewadi - Wakad road",
        "city": "Hinjewadi",
        "state": "Pune",
        "country": "Maharashtra",
        "pincode": "India - 411057"
      },
      "billTo": {
        "street": "Hinjewadi",
        "city": "Pune",
        "state": "Maharashtra",
        "country": "India",
        "pincode": "411057"
      },
      "shipTo": {
        "street": "Hinjewadi",
        "city": "Pune",
        "state": "Maharashtra",
        "country": "India",
        "pincode": "411057"
      },
      "placeOfDelivery": "",
      "transporter": "transporter-1766464902847",
      "distance": 5000,
      "modeOfTransportation": "road",
      "vehicleType": "regular",
      "vehicleNo": "",
      "transporterDocNo": "",
      "transporterDocDate": "",
      "items": [],
      "total": 53100,
      "status": "NOT_GENERATED",
      "createdAt": "2026-01-02T04:21:53.092Z",
      "updatedAt": "2026-01-02T04:21:53.092Z"
    }
  ],
  "nextEWayBillNumber": 8
}