{
  "expenses": [
    {
      "id": "8",
      "expenseNumber": "EXP-00008",
      "date": "2025-12-22",
      "expenseAccount": "Cost Of Goods Sold",
      "amount": 5000,
      "currency": "INR",
      "paidThrough": "Petty Cash",
      "expenseType": "services",
      "sac": "",
      "vendorId": "6",
      "vendorName": "Sharma Traders Pvt Ltd",
      "gstTreatment": "Registered Business - Regular",
      "sourceOfSupply": "Andhra Pradesh",
      "destinationOfSupply": "[MH] - Maharashtra",
      "reverseCharge": false,
      "tax": "gst_18",
      "taxAmount": 0,
      "amountIs": "tax_exclusive",
      "invoiceNumber": "12121",
      "notes": "",
      "customerId": "11",
      "customerName": "Prajwal Traders",
      "reportingTags": [],
      "isBillable": false,
      "status": "recorded",
      "attachments": [],
      "createdAt": "2025-12-22T05:16:52.983Z",
      "updatedAt": "2025-12-22T05:16:52.983Z",
      "createdTime": "2025-12-22T05:16:52.983Z"
    },
    {
      "id": "7",
      "expenseNumber": "EXP-00007",
      "date": "2025-12-19",
      "expenseAccount": "Cost of Goods Sold",
      "amount": 212121,
      "currency": "INR",
      "paidThrough": "Petty Cash",
      "expenseType": "services",
      "sac": "12121",
      "vendorId": "2",
      "vendorName": "Ganesh kale",
      "gstTreatment": "Registered Business - Composition",
      "sourceOfSupply": "Gujarat",
      "destinationOfSupply": "[MH] - Maharashtra",
      "reverseCharge": false,
      "tax": "gst_12",
      "taxAmount": 0,
      "amountIs": "tax_exclusive",
      "invoiceNumber": "12121",
      "notes": "",
      "customerId": "6",
      "customerName": "Ganesh kale",
      "reportingTags": [],
      "isBillable": false,
      "status": "recorded",
      "attachments": [],
      "createdAt": "2025-12-19T09:35:11.132Z",
      "updatedAt": "2025-12-19T09:35:11.132Z",
      "createdTime": "2025-12-19T09:35:11.132Z"
    }
  ],
  "mileageRecords": [
    {
      "id": "2",
      "date": "2025-12-16",
      "employee": "gk",
      "calculationMethod": "distance_travelled",
      "distance": 224,
      "unit": "km",
      "startOdometer": 0,
      "endOdometer": 0,
      "amount": 423123,
      "currency": "INR",
      "paidThrough": "Petty Cash",
      "vendorId": "2",
      "vendorName": "Ganesh kale",
      "invoiceNumber": "",
      "notes": "",
      "customerId": "8",
      "customerName": "CYBAEM TECH PRIVATE LIMITED ",
      "reportingTags": [],
      "status": "recorded",
      "createdAt": "2025-12-16T10:53:54.471Z",
      "updatedAt": "2025-12-16T10:53:54.471Z"
    },
    {
      "id": "1",
      "date": "2025-12-16",
      "employee": "",
      "calculationMethod": "distance_travelled",
      "distance": 123,
      "unit": "km",
      "startOdometer": 0,
      "endOdometer": 0,
      "amount": 500,
      "currency": "INR",
      "paidThrough": "Undeposited Funds",
      "vendorId": "2",
      "vendorName": "Ganesh kale",
      "invoiceNumber": "1234",
      "notes": "",
      "customerId": "6",
      "customerName": "Ganesh kale",
      "reportingTags": [],
      "status": "recorded",
      "createdAt": "2025-12-16T10:52:50.642Z",
      "updatedAt": "2025-12-16T10:52:50.642Z"
    }
  ],
  "mileageSettings": {
    "associateEmployeesToExpenses": false,
    "defaultMileageCategory": "Fuel/Mileage Expense",
    "defaultUnit": "km",
    "mileageRates": []
  },
  "nextExpenseId": 9,
  "nextMileageId": 3
}