{
  "items": [
    {
      "id": "1765535400204",
      "name": "Rice",
      "type": "goods",
      "hsnSac": "1009",
      "usageUnit": "kg",
      "rate": "60",
      "purchaseRate": "50",
      "description": "Bulk purchase of raw rice directly from vendors. High-grade grains with minimal impurities.",
      "purchaseDescription": "Premium quality rice sourced from local farms. Ideal for daily cooking, delivers consistent taste and texture.\n",
      "taxPreference": "taxable",
      "intraStateTax": "gst18",
      "interStateTax": "igst18",
      "salesAccount": "sales",
      "purchaseAccount": "cost_of_goods",
      "isActive": true,
      "createdAt": "2025-12-12T10:30:00.206Z",
      "updatedAt": "2026-01-14T06:16:29.177Z",
      "exemptionReason": "",
      "preferredVendor": ""
    },
    {
      "id": "1766056260714",
      "name": "Rice (Copy)",
      "type": "goods",
      "hsnSac": "1006",
      "usageUnit": "kg",
      "rate": "60",
      "purchaseRate": "50",
      "description": "Bulk purchase of raw rice directly from vendors. High-grade grains with minimal impurities.",
      "purchaseDescription": "Premium quality rice sourced from local farms. Ideal for daily cooking, delivers consistent taste and texture.\n",
      "taxPreference": "taxable",
      "intraStateTax": "gst18",
      "interStateTax": "igst18",
      "salesAccount": "sales",
      "purchaseAccount": "cost_of_goods",
      "isActive": true,
      "createdAt": "2025-12-18T11:11:00.714Z",
      "updatedAt": "2025-12-18T11:11:00.714Z"
    },
    {
      "id": "1766469453909",
      "name": "HP ProDesk Desktop",
      "type": "goods",
      "hsnSac": "847150",
      "usageUnit": "nos",
      "rate": "45,000.00",
      "purchaseRate": "40,000.00",
      "description": "HP ProDesk desktop computer for office and professional use.\n",
      "purchaseDescription": "HP ProDesk desktop computer for office and professional use.\n",
      "taxPreference": "non_taxable",
      "intraStateTax": "GST18",
      "interStateTax": "IGST18",
      "salesAccount": "sales",
      "purchaseAccount": "cost_of_goods",
      "isActive": true,
      "createdAt": "2025-12-23T05:57:33.909Z",
      "updatedAt": "2025-12-23T05:57:33.909Z"
    },
    {
      "id": "1768370572094",
      "name": "Rice (Copy)",
      "type": "goods",
      "hsnSac": "1009",
      "usageUnit": "kg",
      "rate": "60",
      "purchaseRate": "50",
      "description": "Bulk purchase of raw rice directly from vendors. High-grade grains with minimal impurities.",
      "purchaseDescription": "Premium quality rice sourced from local farms. Ideal for daily cooking, delivers consistent taste and texture.\n",
      "taxPreference": "taxable",
      "intraStateTax": "gst18",
      "interStateTax": "igst18",
      "salesAccount": "sales",
      "purchaseAccount": "cost_of_goods",
      "isActive": true,
      "createdAt": "2026-01-14T06:02:52.094Z",
      "updatedAt": "2026-01-14T06:02:52.094Z",
      "exemptionReason": "",
      "preferredVendor": "",
      "organizationId": "1"
    }
  ]
}