{
  "id": "default",
  "logo": {
    "url": "/uploads/logos/logo-1767586229919.png",
    "fileName": "5c70f72d-844c-4444-931d-c70721750d75.png",
    "uploadedAt": "2026-01-05T04:10:29.927Z",
    "fileSize": 11543
  },
  "createdAt": "2025-12-24T06:00:00Z",
  "updatedAt": "2026-01-05T04:10:29.927Z",
  "signature": {
    "url": "/uploads/signatures/signature-1766575662570.jpg",
    "fileName": "signature-1766568046623-removebg-preview.jpg",
    "uploadedAt": "2025-12-24T11:27:42.597Z",
    "fileSize": 3630
  }
}