{
  "paymentsMade": [
    {
      "id": "pm-1766375192336",
      "paymentNumber": "PM-00006",
      "vendorId": "1",
      "vendorName": "Nilraj Bhilare",
      "gstTreatment": "",
      "sourceOfSupply": "",
      "destinationOfSupply": "",
      "descriptionOfSupply": "",
      "paymentAmount": 298,
      "reverseCharge": false,
      "tds": "",
      "paymentDate": "2025-12-22",
      "paymentMode": "Cash",
      "paidThrough": "Petty Cash",
      "depositTo": "prepaid_expenses",
      "reference": "",
      "notes": "Payment for Bill #6",
      "billPayments": {
        "1766373805363": {
          "billId": "1766373805363",
          "billNumber": "6",
          "billAmount": 1298,
          "amountPaid": 298
        }
      },
      "paymentType": "bill_payment",
      "status": "PAID",
      "createdAt": "2025-12-22T03:46:32.336Z",
      "updatedAt": "2025-12-22T03:46:32.336Z"
    },
    {
      "id": "pm-1766377224644",
      "paymentNumber": "PM-00007",
      "vendorId": "1",
      "vendorName": "Nilraj Bhilare",
      "gstTreatment": "",
      "sourceOfSupply": "",
      "destinationOfSupply": "",
      "descriptionOfSupply": "",
      "paymentAmount": 100,
      "reverseCharge": false,
      "tds": "",
      "paymentDate": "2025-12-22",
      "paymentMode": "Cash",
      "paidThrough": "Petty Cash",
      "depositTo": "prepaid_expenses",
      "reference": "",
      "notes": "Payment for Bill #6",
      "billPayments": {
        "1766373805363": {
          "billId": "1766373805363",
          "billNumber": "6",
          "billAmount": 1298,
          "amountPaid": 100
        }
      },
      "paymentType": "bill_payment",
      "status": "PAID",
      "createdAt": "2025-12-22T04:20:24.592Z",
      "updatedAt": "2025-12-22T04:20:24.592Z"
    },
    {
      "id": "pm-1766380736534",
      "paymentNumber": "PM-00008",
      "vendorId": "6",
      "vendorName": "Sharma Traders Pvt Ltd",
      "gstTreatment": "",
      "sourceOfSupply": "",
      "destinationOfSupply": "",
      "descriptionOfSupply": "",
      "paymentAmount": 296,
      "reverseCharge": false,
      "tds": "",
      "paymentDate": "2025-12-22",
      "paymentMode": "Cash",
      "paidThrough": "Petty Cash",
      "depositTo": "prepaid_expenses",
      "reference": "",
      "notes": "Payment for Bill #9",
      "billPayments": {
        "1766380705723": {
          "billId": "1766380705723",
          "billNumber": "9",
          "billAmount": 1296,
          "amountPaid": 296
        }
      },
      "paymentType": "bill_payment",
      "status": "PAID",
      "createdAt": "2025-12-22T05:18:56.531Z",
      "updatedAt": "2025-12-22T05:18:56.531Z"
    },
    {
      "id": "pm-1766381090900",
      "paymentNumber": "PM-00009",
      "vendorId": "6",
      "vendorName": "Sharma Traders Pvt Ltd",
      "gstTreatment": "",
      "sourceOfSupply": "",
      "destinationOfSupply": "",
      "descriptionOfSupply": "",
      "paymentAmount": 236.5,
      "reverseCharge": false,
      "tds": "",
      "paymentDate": "2025-12-22",
      "paymentMode": "Cash",
      "paidThrough": "Petty Cash",
      "depositTo": "prepaid_expenses",
      "reference": "",
      "notes": "Payment for Bill #10",
      "billPayments": {
        "1766381072824": {
          "billId": "1766381072824",
          "billNumber": "10",
          "billAmount": 2236.5,
          "amountPaid": 236.5
        }
      },
      "paymentType": "bill_payment",
      "status": "PAID",
      "createdAt": "2025-12-22T05:24:50.896Z",
      "updatedAt": "2025-12-22T05:24:50.896Z"
    },
    {
      "id": "pm-1766381153277",
      "paymentNumber": "PM-00010",
      "vendorId": "6",
      "vendorName": "Sharma Traders Pvt Ltd",
      "gstTreatment": "",
      "sourceOfSupply": "",
      "destinationOfSupply": "",
      "descriptionOfSupply": "",
      "paymentAmount": 111,
      "reverseCharge": false,
      "tds": "",
      "paymentDate": "2025-12-22",
      "paymentMode": "Cash",
      "paidThrough": "Petty Cash",
      "depositTo": "prepaid_expenses",
      "reference": "",
      "notes": "Payment for Bill #10",
      "billPayments": {
        "1766381072824": {
          "billId": "1766381072824",
          "billNumber": "10",
          "billAmount": 2236.5,
          "amountPaid": 111
        }
      },
      "paymentType": "bill_payment",
      "status": "PAID",
      "createdAt": "2025-12-22T05:25:53.274Z",
      "updatedAt": "2025-12-22T05:25:53.274Z"
    },
    {
      "id": "pm-1766385849905",
      "paymentNumber": "PM-00011",
      "vendorId": "6",
      "vendorName": "Sharma Traders Pvt Ltd",
      "gstTreatment": "",
      "sourceOfSupply": "",
      "destinationOfSupply": "",
      "descriptionOfSupply": "",
      "paymentAmount": 1889,
      "reverseCharge": false,
      "tds": "",
      "paymentDate": "2025-12-22",
      "paymentMode": "Cash",
      "paidThrough": "Petty Cash",
      "depositTo": "prepaid_expenses",
      "reference": "",
      "notes": "Payment for Bill #10",
      "billPayments": {
        "1766381072824": {
          "billId": "1766381072824",
          "billNumber": "10",
          "billAmount": 2236.5,
          "amountPaid": 1889
        }
      },
      "paymentType": "bill_payment",
      "status": "PAID",
      "createdAt": "2025-12-22T06:44:09.899Z",
      "updatedAt": "2025-12-22T06:44:09.899Z"
    },
    {
      "id": "pm-1766391338621",
      "paymentNumber": "PM-00012",
      "vendorId": "1",
      "vendorName": "Nilraj Bhilare",
      "gstTreatment": "Registered Business - Composition",
      "sourceOfSupply": "[AP] - Andhra Pradesh",
      "destinationOfSupply": "[AP] - Andhra Pradesh",
      "descriptionOfSupply": "",
      "paymentAmount": 200,
      "reverseCharge": false,
      "tds": "",
      "paymentDate": "2025-12-22",
      "paymentMode": "cash",
      "paidThrough": "petty_cash",
      "depositTo": "prepaid_expenses",
      "reference": "",
      "notes": "",
      "billPayments": {
        "1766373805363": {
          "payment": 200,
          "paymentMadeOn": "2025-12-22"
        }
      },
      "paymentType": "bill_payment",
      "status": "PAID",
      "createdAt": "2025-12-22T08:15:38.621Z",
      "updatedAt": "2025-12-22T08:15:38.621Z"
    },
    {
      "id": "pm-1766392894042",
      "paymentNumber": "PM-00013",
      "vendorId": "6",
      "vendorName": "Sharma Traders Pvt Ltd",
      "gstTreatment": "",
      "sourceOfSupply": "",
      "destinationOfSupply": "",
      "descriptionOfSupply": "",
      "paymentAmount": 200,
      "reverseCharge": false,
      "tds": "",
      "paymentDate": "2025-12-22",
      "paymentMode": "Cash",
      "paidThrough": "petty_cash",
      "depositTo": "prepaid_expenses",
      "reference": "",
      "notes": "",
      "billPayments": {
        "test-unpaid-1": 200
      },
      "paymentType": "bill_payment",
      "status": "PAID",
      "createdAt": "2025-12-22T08:41:34.042Z",
      "updatedAt": "2025-12-22T08:41:34.042Z"
    },
    {
      "id": "pm-1766392900973",
      "paymentNumber": "PM-00014",
      "vendorId": "6",
      "vendorName": "Sharma Traders Pvt Ltd",
      "gstTreatment": "",
      "sourceOfSupply": "",
      "destinationOfSupply": "",
      "descriptionOfSupply": "",
      "paymentAmount": 200,
      "reverseCharge": false,
      "tds": "",
      "paymentDate": "2025-12-22",
      "paymentMode": "Cash",
      "paidThrough": "petty_cash",
      "depositTo": "prepaid_expenses",
      "reference": "",
      "notes": "",
      "billPayments": {
        "test-unpaid-1": 200
      },
      "paymentType": "bill_payment",
      "status": "PAID",
      "createdAt": "2025-12-22T08:41:40.973Z",
      "updatedAt": "2025-12-22T08:41:40.973Z"
    },
    {
      "id": "pm-1766392910675",
      "paymentNumber": "PM-00015",
      "vendorId": "6",
      "vendorName": "Sharma Traders Pvt Ltd",
      "gstTreatment": "",
      "sourceOfSupply": "",
      "destinationOfSupply": "",
      "descriptionOfSupply": "",
      "paymentAmount": 200,
      "reverseCharge": false,
      "tds": "",
      "paymentDate": "2025-12-22",
      "paymentMode": "Cash",
      "paidThrough": "petty_cash",
      "depositTo": "prepaid_expenses",
      "reference": "",
      "notes": "",
      "billPayments": {
        "test-unpaid-1": 200
      },
      "paymentType": "bill_payment",
      "status": "PAID",
      "createdAt": "2025-12-22T08:41:50.675Z",
      "updatedAt": "2025-12-22T08:41:50.675Z"
    },
    {
      "id": "pm-1766393007653",
      "paymentNumber": "PM-00016",
      "vendorId": "6",
      "vendorName": "Sharma Traders Pvt Ltd",
      "gstTreatment": "Registered Business - Regular",
      "sourceOfSupply": "[MH] - Maharashtra",
      "destinationOfSupply": "[MH] - Maharashtra",
      "descriptionOfSupply": "",
      "paymentAmount": 1200,
      "reverseCharge": false,
      "tds": "",
      "paymentDate": "2025-12-22",
      "paymentMode": "cash",
      "paidThrough": "petty_cash",
      "depositTo": "prepaid_expenses",
      "reference": "",
      "notes": "",
      "billPayments": {
        "test-unpaid-1": {
          "payment": 1200,
          "paymentMadeOn": "2025-12-22"
        }
      },
      "paymentType": "bill_payment",
      "status": "PAID",
      "createdAt": "2025-12-22T08:43:27.653Z",
      "updatedAt": "2025-12-22T08:43:27.653Z"
    },
    {
      "id": "pm-1766393430150",
      "paymentNumber": "PM-00017",
      "vendorId": "6",
      "vendorName": "Sharma Traders Pvt Ltd",
      "gstTreatment": "Registered Business - Regular",
      "sourceOfSupply": "[MH] - Maharashtra",
      "destinationOfSupply": "[MH] - Maharashtra",
      "descriptionOfSupply": "",
      "paymentAmount": 1200,
      "reverseCharge": false,
      "tds": "",
      "paymentDate": "2025-12-22",
      "paymentMode": "cash",
      "paidThrough": "petty_cash",
      "depositTo": "prepaid_expenses",
      "reference": "",
      "notes": "",
      "billPayments": {
        "test-unpaid-1": {
          "payment": 1200,
          "paymentMadeOn": "2025-12-22"
        }
      },
      "paymentType": "bill_payment",
      "status": "PAID",
      "createdAt": "2025-12-22T08:50:30.150Z",
      "updatedAt": "2025-12-22T08:50:30.150Z"
    },
    {
      "id": "pm-1766393478077",
      "paymentNumber": "PM-00018",
      "vendorId": "1",
      "vendorName": "Nilraj Bhilare",
      "gstTreatment": "Registered Business - Composition",
      "sourceOfSupply": "[AP] - Andhra Pradesh",
      "destinationOfSupply": "[AP] - Andhra Pradesh",
      "descriptionOfSupply": "",
      "paymentAmount": 200,
      "reverseCharge": false,
      "tds": "",
      "paymentDate": "2025-12-22",
      "paymentMode": "cash",
      "paidThrough": "petty_cash",
      "depositTo": "prepaid_expenses",
      "reference": "",
      "notes": "",
      "billPayments": {
        "1766373805363": {
          "payment": 200,
          "paymentMadeOn": "2025-12-22"
        }
      },
      "paymentType": "bill_payment",
      "status": "PAID",
      "createdAt": "2025-12-22T08:51:18.077Z",
      "updatedAt": "2025-12-22T08:51:18.077Z"
    },
    {
      "id": "pm-1766395106896",
      "paymentNumber": "PM-00019",
      "vendorId": "6",
      "vendorName": "Sharma Traders Pvt Ltd",
      "gstTreatment": "Registered Business - Regular",
      "sourceOfSupply": "[MH] - Maharashtra",
      "destinationOfSupply": "[MH] - Maharashtra",
      "descriptionOfSupply": "",
      "paymentAmount": 200,
      "reverseCharge": false,
      "tds": "",
      "paymentDate": "2025-12-22",
      "paymentMode": "cash",
      "paidThrough": "petty_cash",
      "depositTo": "prepaid_expenses",
      "reference": "",
      "notes": "",
      "billPayments": {
        "test-unpaid-1": {
          "billId": "test-unpaid-1",
          "billNumber": "TEST-001",
          "billAmount": 11800,
          "amountPaid": 200
        }
      },
      "paymentType": "bill_payment",
      "status": "PAID",
      "createdAt": "2025-12-22T09:18:26.896Z",
      "updatedAt": "2025-12-22T09:18:26.896Z"
    },
    {
      "id": "pm-1766395135563",
      "paymentNumber": "PM-00020",
      "vendorId": "6",
      "vendorName": "Sharma Traders Pvt Ltd",
      "gstTreatment": "Registered Business - Regular",
      "sourceOfSupply": "[MH] - Maharashtra",
      "destinationOfSupply": "[MH] - Maharashtra",
      "descriptionOfSupply": "",
      "paymentAmount": 1000,
      "reverseCharge": false,
      "tds": "",
      "paymentDate": "2025-12-22",
      "paymentMode": "cash",
      "paidThrough": "petty_cash",
      "depositTo": "prepaid_expenses",
      "reference": "",
      "notes": "",
      "billPayments": {
        "test-unpaid-1": {
          "billId": "test-unpaid-1",
          "billNumber": "TEST-001",
          "billAmount": 11800,
          "amountPaid": 1000
        }
      },
      "paymentType": "bill_payment",
      "status": "PAID",
      "createdAt": "2025-12-22T09:18:55.563Z",
      "updatedAt": "2025-12-22T09:18:55.563Z"
    },
    {
      "id": "pm-1766395825841",
      "paymentNumber": "PM-00021",
      "vendorId": "4",
      "vendorName": "Sham",
      "gstTreatment": "Registered Business - Regular",
      "sourceOfSupply": "[HP] - Himachal Pradesh",
      "destinationOfSupply": "[HP] - Himachal Pradesh",
      "descriptionOfSupply": "",
      "paymentAmount": 1000,
      "reverseCharge": false,
      "tds": "",
      "paymentDate": "2025-12-22",
      "paymentMode": "cash",
      "paidThrough": "petty_cash",
      "depositTo": "prepaid_expenses",
      "reference": "",
      "notes": "",
      "billPayments": {
        "1766395458615": {
          "billId": "1766395458615",
          "billNumber": "11",
          "billAmount": 2428.5,
          "amountPaid": 1000
        }
      },
      "paymentType": "bill_payment",
      "status": "PAID",
      "createdAt": "2025-12-22T09:30:25.839Z",
      "updatedAt": "2025-12-22T09:30:25.839Z"
    },
    {
      "id": "pm-1766399523877",
      "paymentNumber": "PM-00022",
      "vendorId": "6",
      "vendorName": "Sharma Traders Pvt Ltd",
      "gstTreatment": "Registered Business - Regular",
      "sourceOfSupply": "[MH] - Maharashtra",
      "destinationOfSupply": "[MH] - Maharashtra",
      "descriptionOfSupply": "",
      "paymentAmount": 227,
      "reverseCharge": false,
      "tds": "",
      "paymentDate": "2025-12-22",
      "paymentMode": "cash",
      "paidThrough": "petty_cash",
      "depositTo": "prepaid_expenses",
      "reference": "",
      "notes": "",
      "billPayments": {
        "1766399460514": {
          "billId": "1766399460514",
          "billNumber": "12",
          "billAmount": 2227,
          "amountPaid": 227
        }
      },
      "paymentType": "bill_payment",
      "status": "PAID",
      "createdAt": "2025-12-22T10:32:03.877Z",
      "updatedAt": "2025-12-22T10:32:03.877Z"
    },
    {
      "id": "pm-1766400586525",
      "paymentNumber": "PM-00023",
      "vendorId": "6",
      "vendorName": "Sharma Traders Pvt Ltd",
      "gstTreatment": "Registered Business - Regular",
      "sourceOfSupply": "[MH] - Maharashtra",
      "destinationOfSupply": "[MH] - Maharashtra",
      "descriptionOfSupply": "",
      "paymentAmount": 456,
      "reverseCharge": false,
      "tds": "",
      "paymentDate": "2025-12-22",
      "paymentMode": "cash",
      "paidThrough": "petty_cash",
      "depositTo": "prepaid_expenses",
      "reference": "",
      "notes": "",
      "billPayments": {
        "1766399984974": {
          "billId": "1766399984974",
          "billNumber": "13",
          "billAmount": 2456.5,
          "amountPaid": 456
        }
      },
      "paymentType": "bill_payment",
      "status": "PAID",
      "createdAt": "2025-12-22T10:49:46.525Z",
      "updatedAt": "2025-12-22T10:49:46.525Z"
    },
    {
      "id": "pm-1766403559767",
      "paymentNumber": "PM-00024",
      "vendorId": "6",
      "vendorName": "Sharma Traders Pvt Ltd",
      "gstTreatment": "",
      "sourceOfSupply": "",
      "destinationOfSupply": "",
      "descriptionOfSupply": "",
      "paymentAmount": 1000.5,
      "reverseCharge": false,
      "tds": "",
      "paymentDate": "2025-12-22",
      "paymentMode": "Cash",
      "paidThrough": "Petty Cash",
      "depositTo": "prepaid_expenses",
      "reference": "",
      "notes": "Payment for Bill #13",
      "billPayments": {
        "1766399984974": {
          "billId": "1766399984974",
          "billNumber": "13",
          "billAmount": 2456.5,
          "amountPaid": 1000.5
        }
      },
      "paymentType": "bill_payment",
      "status": "PAID",
      "createdAt": "2025-12-22T11:39:19.763Z",
      "updatedAt": "2025-12-22T11:39:19.763Z"
    },
    {
      "id": "pm-1766403597711",
      "paymentNumber": "PM-00025",
      "vendorId": "6",
      "vendorName": "Sharma Traders Pvt Ltd",
      "gstTreatment": "Registered Business - Regular",
      "sourceOfSupply": "[MH] - Maharashtra",
      "destinationOfSupply": "[MH] - Maharashtra",
      "descriptionOfSupply": "",
      "paymentAmount": 200,
      "reverseCharge": false,
      "tds": "",
      "paymentDate": "2025-12-22",
      "paymentMode": "cash",
      "paidThrough": "petty_cash",
      "depositTo": "prepaid_expenses",
      "reference": "",
      "notes": "",
      "billPayments": {
        "1766399984974": {
          "billId": "1766399984974",
          "billNumber": "13",
          "billAmount": 2456.5,
          "amountPaid": 200
        }
      },
      "paymentType": "bill_payment",
      "status": "PAID",
      "createdAt": "2025-12-22T11:39:57.711Z",
      "updatedAt": "2025-12-22T11:39:57.711Z"
    },
    {
      "id": "pm-1766484480577",
      "paymentNumber": "PM-00026",
      "vendorId": "6",
      "vendorName": "Sharma Traders Pvt Ltd",
      "gstTreatment": "",
      "sourceOfSupply": "",
      "destinationOfSupply": "",
      "descriptionOfSupply": "",
      "paymentAmount": 500,
      "reverseCharge": false,
      "tds": "",
      "paymentDate": "2025-12-23",
      "paymentMode": "Cash",
      "paidThrough": "Petty Cash",
      "depositTo": "prepaid_expenses",
      "reference": "",
      "notes": "Payment for Bill #13",
      "billPayments": {
        "1766399984974": {
          "billId": "1766399984974",
          "billNumber": "13",
          "billAmount": 2456.5,
          "amountPaid": 500
        }
      },
      "paymentType": "bill_payment",
      "status": "PAID",
      "createdAt": "2025-12-23T10:08:00.489Z",
      "updatedAt": "2025-12-23T10:08:00.489Z"
    },
    {
      "id": "pm-1766484496983",
      "paymentNumber": "PM-00027",
      "vendorId": "6",
      "vendorName": "Sharma Traders Pvt Ltd",
      "gstTreatment": "",
      "sourceOfSupply": "",
      "destinationOfSupply": "",
      "descriptionOfSupply": "",
      "paymentAmount": 300,
      "reverseCharge": false,
      "tds": "",
      "paymentDate": "2025-12-23",
      "paymentMode": "Cash",
      "paidThrough": "Petty Cash",
      "depositTo": "prepaid_expenses",
      "reference": "",
      "notes": "Payment for Bill #13",
      "billPayments": {
        "1766399984974": {
          "billId": "1766399984974",
          "billNumber": "13",
          "billAmount": 2456.5,
          "amountPaid": 300
        }
      },
      "paymentType": "bill_payment",
      "status": "PAID",
      "createdAt": "2025-12-23T10:08:16.979Z",
      "updatedAt": "2025-12-23T10:08:16.979Z"
    },
    {
      "id": "pm-1766484515323",
      "paymentNumber": "PM-00028",
      "vendorId": "4",
      "vendorName": "Sham",
      "gstTreatment": "",
      "sourceOfSupply": "",
      "destinationOfSupply": "",
      "descriptionOfSupply": "",
      "paymentAmount": 1028.5,
      "reverseCharge": false,
      "tds": "",
      "paymentDate": "2025-12-23",
      "paymentMode": "Cash",
      "paidThrough": "Petty Cash",
      "depositTo": "prepaid_expenses",
      "reference": "",
      "notes": "Payment for Bill #11",
      "billPayments": {
        "1766395458615": {
          "billId": "1766395458615",
          "billNumber": "11",
          "billAmount": 2428.5,
          "amountPaid": 1028.5
        }
      },
      "paymentType": "bill_payment",
      "status": "PAID",
      "createdAt": "2025-12-23T10:08:35.319Z",
      "updatedAt": "2025-12-23T10:08:35.319Z"
    },
    {
      "id": "pm-1766484523405",
      "paymentNumber": "PM-00029",
      "vendorId": "4",
      "vendorName": "Sham",
      "gstTreatment": "",
      "sourceOfSupply": "",
      "destinationOfSupply": "",
      "descriptionOfSupply": "",
      "paymentAmount": 400,
      "reverseCharge": false,
      "tds": "",
      "paymentDate": "2025-12-23",
      "paymentMode": "Cash",
      "paidThrough": "Petty Cash",
      "depositTo": "prepaid_expenses",
      "reference": "",
      "notes": "Payment for Bill #11",
      "billPayments": {
        "1766395458615": {
          "billId": "1766395458615",
          "billNumber": "11",
          "billAmount": 2428.5,
          "amountPaid": 400
        }
      },
      "paymentType": "bill_payment",
      "status": "PAID",
      "createdAt": "2025-12-23T10:08:43.402Z",
      "updatedAt": "2025-12-23T10:08:43.402Z"
    },
    {
      "id": "pm-1766487734421",
      "paymentNumber": "PM-00030",
      "vendorId": "1",
      "vendorName": "Nilraj Bhilare",
      "gstTreatment": "",
      "sourceOfSupply": "",
      "destinationOfSupply": "",
      "descriptionOfSupply": "",
      "paymentAmount": 400,
      "reverseCharge": false,
      "tds": "",
      "paymentDate": "2025-12-23",
      "paymentMode": "Cash",
      "paidThrough": "Petty Cash",
      "depositTo": "prepaid_expenses",
      "reference": "",
      "notes": "Payment for Bill #6",
      "billPayments": {
        "1766373805363": {
          "billId": "1766373805363",
          "billNumber": "6",
          "billAmount": 1298,
          "amountPaid": 400
        }
      },
      "paymentType": "bill_payment",
      "status": "PAID",
      "createdAt": "2025-12-23T11:02:14.415Z",
      "updatedAt": "2025-12-23T11:02:14.415Z"
    },
    {
      "id": "pm-1766487765427",
      "paymentNumber": "PM-00031",
      "vendorId": "2",
      "vendorName": "Amazon",
      "gstTreatment": "",
      "sourceOfSupply": "",
      "destinationOfSupply": "",
      "descriptionOfSupply": "",
      "paymentAmount": 54.5,
      "reverseCharge": true,
      "tds": "",
      "paymentDate": "2025-12-23",
      "paymentMode": "Cash",
      "paidThrough": "Petty Cash",
      "depositTo": "prepaid_expenses",
      "reference": "",
      "notes": "Payment for Bill #4",
      "billPayments": {
        "1766053744518": {
          "billId": "1766053744518",
          "billNumber": "4",
          "billAmount": 54.5,
          "amountPaid": 54.5
        }
      },
      "paymentType": "bill_payment",
      "status": "PAID",
      "createdAt": "2025-12-23T11:02:45.422Z",
      "updatedAt": "2025-12-23T11:02:45.422Z"
    },
    {
      "id": "pm-1766494716701",
      "paymentNumber": "PM-00032",
      "vendorId": "1",
      "vendorName": "Nilraj Bhilare",
      "gstTreatment": "",
      "sourceOfSupply": "",
      "destinationOfSupply": "",
      "descriptionOfSupply": "",
      "paymentAmount": 24244.5,
      "reverseCharge": false,
      "tds": "",
      "paymentDate": "2025-12-23",
      "paymentMode": "Cash",
      "paidThrough": "Petty Cash",
      "depositTo": "prepaid_expenses",
      "reference": "",
      "notes": "Payment for Bill #14",
      "billPayments": {
        "1766494624617": {
          "billId": "1766494624617",
          "billNumber": "14",
          "billAmount": 54244.5,
          "amountPaid": 24244.5
        }
      },
      "paymentType": "bill_payment",
      "status": "PAID",
      "createdAt": "2025-12-23T12:58:36.699Z",
      "updatedAt": "2025-12-23T12:58:36.699Z"
    },
    {
      "id": "pm-1766546357104",
      "paymentNumber": "PM-00033",
      "vendorId": "1",
      "vendorName": "Nilraj Bhilare",
      "gstTreatment": "Registered Business - Composition",
      "sourceOfSupply": "[AP] - Andhra Pradesh",
      "destinationOfSupply": "[AP] - Andhra Pradesh",
      "descriptionOfSupply": "",
      "paymentAmount": 500000,
      "reverseCharge": false,
      "tds": "",
      "paymentDate": "2025-12-24",
      "paymentMode": "cash",
      "paidThrough": "petty_cash",
      "depositTo": "prepaid_expenses",
      "reference": "32111",
      "notes": "",
      "billPayments": {
        "1766545240520": {
          "billId": "1766545240520",
          "billNumber": "15",
          "billAmount": 42052.5,
          "amountPaid": 42052.5
        },
        "1766494624617": {
          "billId": "1766494624617",
          "billNumber": "14",
          "billAmount": 54244.5,
          "amountPaid": 54244.5
        },
        "1766373805363": {
          "billId": "1766373805363",
          "billNumber": "6",
          "billAmount": 1298,
          "amountPaid": 1298
        }
      },
      "paymentType": "bill_payment",
      "status": "PAID",
      "createdAt": "2025-12-24T03:19:17.104Z",
      "updatedAt": "2025-12-24T03:19:17.104Z"
    },
    {
      "id": "pm-1766546397472",
      "paymentNumber": "PM-00034",
      "vendorId": "6",
      "vendorName": "Sharma Traders Pvt Ltd",
      "gstTreatment": "Registered Business - Regular",
      "sourceOfSupply": "[MH] - Maharashtra",
      "destinationOfSupply": "[MH] - Maharashtra",
      "descriptionOfSupply": "",
      "paymentAmount": 100000,
      "reverseCharge": true,
      "tds": "commission_brokerage_2",
      "paymentDate": "2025-12-24",
      "paymentMode": "cash",
      "paidThrough": "petty_cash",
      "depositTo": "prepaid_expenses",
      "reference": "",
      "notes": "",
      "billPayments": {},
      "paymentType": "vendor_advance",
      "status": "PAID",
      "createdAt": "2025-12-24T03:19:57.472Z",
      "updatedAt": "2025-12-24T03:19:57.472Z"
    },
    {
      "id": "pm-1766547087814",
      "paymentNumber": "PM-00035",
      "vendorId": "3",
      "vendorName": "Ganesh k",
      "gstTreatment": "",
      "sourceOfSupply": "",
      "destinationOfSupply": "",
      "descriptionOfSupply": "",
      "paymentAmount": 2000,
      "reverseCharge": false,
      "tds": "",
      "paymentDate": "2025-12-24",
      "paymentMode": "Cash",
      "paidThrough": "Petty Cash",
      "depositTo": "prepaid_expenses",
      "reference": "",
      "notes": "Payment for Bill #16",
      "billPayments": {
        "1766545255466": {
          "billId": "1766545255466",
          "billNumber": "16",
          "billAmount": 6388,
          "amountPaid": 2000
        }
      },
      "paymentType": "bill_payment",
      "status": "PAID",
      "createdAt": "2025-12-24T03:31:27.811Z",
      "updatedAt": "2025-12-24T03:31:27.811Z"
    },
    {
      "id": "pm-1766547134900",
      "paymentNumber": "PM-00036",
      "vendorId": "3",
      "vendorName": "Ganesh k",
      "gstTreatment": "",
      "sourceOfSupply": "",
      "destinationOfSupply": "",
      "descriptionOfSupply": "",
      "paymentAmount": 1000,
      "reverseCharge": false,
      "tds": "",
      "paymentDate": "2025-12-24",
      "paymentMode": "Cash",
      "paidThrough": "Petty Cash",
      "depositTo": "prepaid_expenses",
      "reference": "",
      "notes": "Payment for Bill #16",
      "billPayments": {
        "1766545255466": {
          "billId": "1766545255466",
          "billNumber": "16",
          "billAmount": 6388,
          "amountPaid": 1000
        }
      },
      "paymentType": "bill_payment",
      "status": "PAID",
      "createdAt": "2025-12-24T03:32:14.896Z",
      "updatedAt": "2025-12-24T03:32:14.896Z"
    },
    {
      "id": "pm-1766548327229",
      "paymentNumber": "PM-00037",
      "vendorId": "2",
      "vendorName": "Ganesh kale",
      "gstTreatment": "",
      "sourceOfSupply": "",
      "destinationOfSupply": "",
      "descriptionOfSupply": "",
      "paymentAmount": 6238.8,
      "reverseCharge": false,
      "tds": "",
      "paymentDate": "2025-12-24",
      "paymentMode": "Cash",
      "paidThrough": "Petty Cash",
      "depositTo": "prepaid_expenses",
      "reference": "",
      "notes": "Payment for Bill #17",
      "billPayments": {
        "1766545297758": {
          "billId": "1766545297758",
          "billNumber": "17",
          "billAmount": 56238.8,
          "amountPaid": 6238.8
        }
      },
      "paymentType": "bill_payment",
      "status": "PAID",
      "createdAt": "2025-12-24T03:52:07.222Z",
      "updatedAt": "2025-12-24T03:52:07.222Z"
    },
    {
      "id": "pm-1766548367326",
      "paymentNumber": "PM-00038",
      "vendorId": "1",
      "vendorName": "Nilraj Bhilare",
      "gstTreatment": "",
      "sourceOfSupply": "",
      "destinationOfSupply": "",
      "descriptionOfSupply": "",
      "paymentAmount": 7541,
      "reverseCharge": false,
      "tds": "",
      "paymentDate": "2025-12-24",
      "paymentMode": "Cash",
      "paidThrough": "Petty Cash",
      "depositTo": "prepaid_expenses",
      "reference": "",
      "notes": "Payment for Bill #18",
      "billPayments": {
        "1766546511524": {
          "billId": "1766546511524",
          "billNumber": "18",
          "billAmount": 40100,
          "amountPaid": 7541
        }
      },
      "paymentType": "bill_payment",
      "status": "PAID",
      "createdAt": "2025-12-24T03:52:47.323Z",
      "updatedAt": "2025-12-24T03:52:47.323Z"
    },
    {
      "id": "pm-1766548388575",
      "paymentNumber": "PM-00039",
      "vendorId": "1",
      "vendorName": "Nilraj Bhilare",
      "gstTreatment": "",
      "sourceOfSupply": "",
      "destinationOfSupply": "",
      "descriptionOfSupply": "",
      "paymentAmount": 10000,
      "reverseCharge": false,
      "tds": "",
      "paymentDate": "2025-12-24",
      "paymentMode": "Cash",
      "paidThrough": "Petty Cash",
      "depositTo": "prepaid_expenses",
      "reference": "",
      "notes": "Payment for Bill #18",
      "billPayments": {
        "1766546511524": {
          "billId": "1766546511524",
          "billNumber": "18",
          "billAmount": 40100,
          "amountPaid": 10000
        }
      },
      "paymentType": "bill_payment",
      "status": "PAID",
      "createdAt": "2025-12-24T03:53:08.573Z",
      "updatedAt": "2025-12-24T03:53:08.573Z"
    },
    {
      "id": "pm-1766549088909",
      "paymentNumber": "PM-00040",
      "vendorId": "2",
      "vendorName": "Ganesh kale",
      "gstTreatment": "Registered Business - Composition",
      "sourceOfSupply": "[NL] - Nagaland",
      "destinationOfSupply": "[NL] - Nagaland",
      "descriptionOfSupply": "",
      "paymentAmount": 1000,
      "reverseCharge": false,
      "tds": "",
      "paymentDate": "2025-12-24",
      "paymentMode": "cash",
      "paidThrough": "petty_cash",
      "depositTo": "prepaid_expenses",
      "reference": "",
      "notes": "",
      "billPayments": {
        "1766374500345": {
          "billId": "1766374500345",
          "billNumber": "7",
          "billAmount": 118,
          "amountPaid": 118
        },
        "1766137256492": {
          "billId": "1766137256492",
          "billNumber": "5",
          "billAmount": 539.901,
          "amountPaid": 539.901
        },
        "1766053744518": {
          "billId": "1766053744518",
          "billNumber": "4",
          "billAmount": 54.5,
          "amountPaid": 54.5
        }
      },
      "paymentType": "bill_payment",
      "status": "PAID",
      "createdAt": "2025-12-24T04:04:48.909Z",
      "updatedAt": "2025-12-24T04:04:48.909Z"
    },
    {
      "id": "pm-1766552727734",
      "paymentNumber": "PM-00041",
      "vendorId": "2",
      "vendorName": "Ganesh kale",
      "gstTreatment": "",
      "sourceOfSupply": "",
      "destinationOfSupply": "",
      "descriptionOfSupply": "",
      "paymentAmount": 13,
      "reverseCharge": false,
      "tds": "",
      "paymentDate": "2025-12-24",
      "paymentMode": "Cash",
      "paidThrough": "Petty Cash",
      "depositTo": "prepaid_expenses",
      "reference": "",
      "notes": "Payment for Bill #19",
      "billPayments": {
        "1766552713435": {
          "billId": "1766552713435",
          "billNumber": "19",
          "billAmount": 63,
          "amountPaid": 13
        }
      },
      "paymentType": "bill_payment",
      "status": "PAID",
      "createdAt": "2025-12-24T05:05:27.730Z",
      "updatedAt": "2025-12-24T05:05:27.730Z"
    },
    {
      "id": "pm-1766552739727",
      "paymentNumber": "PM-00042",
      "vendorId": "2",
      "vendorName": "Ganesh kale",
      "gstTreatment": "",
      "sourceOfSupply": "",
      "destinationOfSupply": "",
      "descriptionOfSupply": "",
      "paymentAmount": 40,
      "reverseCharge": false,
      "tds": "",
      "paymentDate": "2025-12-24",
      "paymentMode": "Cash",
      "paidThrough": "Petty Cash",
      "depositTo": "prepaid_expenses",
      "reference": "",
      "notes": "Payment for Bill #19",
      "billPayments": {
        "1766552713435": {
          "billId": "1766552713435",
          "billNumber": "19",
          "billAmount": 63,
          "amountPaid": 40
        }
      },
      "paymentType": "bill_payment",
      "status": "PAID",
      "createdAt": "2025-12-24T05:05:39.723Z",
      "updatedAt": "2025-12-24T05:05:39.723Z"
    },
    {
      "id": "pm-1766552746505",
      "paymentNumber": "PM-00043",
      "vendorId": "2",
      "vendorName": "Ganesh kale",
      "gstTreatment": "",
      "sourceOfSupply": "",
      "destinationOfSupply": "",
      "descriptionOfSupply": "",
      "paymentAmount": 10,
      "reverseCharge": false,
      "tds": "",
      "paymentDate": "2025-12-24",
      "paymentMode": "Cash",
      "paidThrough": "Petty Cash",
      "depositTo": "prepaid_expenses",
      "reference": "",
      "notes": "Payment for Bill #19",
      "billPayments": {
        "1766552713435": {
          "billId": "1766552713435",
          "billNumber": "19",
          "billAmount": 63,
          "amountPaid": 10
        }
      },
      "paymentType": "bill_payment",
      "status": "PAID",
      "createdAt": "2025-12-24T05:05:46.502Z",
      "updatedAt": "2025-12-24T05:05:46.502Z"
    },
    {
      "id": "pm-1766554376300",
      "paymentNumber": "PM-00044",
      "vendorId": "3",
      "vendorName": "Ganesh k",
      "gstTreatment": "",
      "sourceOfSupply": "",
      "destinationOfSupply": "",
      "descriptionOfSupply": "",
      "paymentAmount": 259,
      "reverseCharge": false,
      "tds": "",
      "paymentDate": "2025-12-24",
      "paymentMode": "Cash",
      "paidThrough": "Petty Cash",
      "depositTo": "prepaid_expenses",
      "reference": "",
      "notes": "Payment for Bill #20",
      "billPayments": {
        "1766554360488": {
          "billId": "1766554360488",
          "billNumber": "20",
          "billAmount": 47259,
          "amountPaid": 259
        }
      },
      "paymentType": "bill_payment",
      "status": "PAID",
      "createdAt": "2025-12-24T05:32:56.298Z",
      "updatedAt": "2025-12-24T05:32:56.298Z"
    },
    {
      "id": "pm-1766554403055",
      "paymentNumber": "PM-00045",
      "vendorId": "3",
      "vendorName": "Ganesh k",
      "gstTreatment": "",
      "sourceOfSupply": "",
      "destinationOfSupply": "",
      "descriptionOfSupply": "",
      "paymentAmount": 2000,
      "reverseCharge": false,
      "tds": "",
      "paymentDate": "2025-12-24",
      "paymentMode": "Cash",
      "paidThrough": "Petty Cash",
      "depositTo": "prepaid_expenses",
      "reference": "",
      "notes": "Payment for Bill #20",
      "billPayments": {
        "1766554360488": {
          "billId": "1766554360488",
          "billNumber": "20",
          "billAmount": 47259,
          "amountPaid": 2000
        }
      },
      "paymentType": "bill_payment",
      "status": "PAID",
      "createdAt": "2025-12-24T05:33:23.052Z",
      "updatedAt": "2025-12-24T05:33:23.052Z"
    },
    {
      "id": "pm-1766554616418",
      "paymentNumber": "PM-00046",
      "vendorId": "3",
      "vendorName": "Ganesh k",
      "gstTreatment": "",
      "sourceOfSupply": "",
      "destinationOfSupply": "",
      "descriptionOfSupply": "",
      "paymentAmount": 4050,
      "reverseCharge": false,
      "tds": "",
      "paymentDate": "2025-12-24",
      "paymentMode": "Cash",
      "paidThrough": "Petty Cash",
      "depositTo": "prepaid_expenses",
      "reference": "",
      "notes": "Payment for Bill #20",
      "billPayments": {
        "1766554360488": {
          "billId": "1766554360488",
          "billNumber": "20",
          "billAmount": 47259,
          "amountPaid": 4050
        }
      },
      "paymentType": "bill_payment",
      "status": "PAID",
      "createdAt": "2025-12-24T05:36:56.416Z",
      "updatedAt": "2025-12-24T05:36:56.416Z"
    },
    {
      "id": "pm-1766554693485",
      "paymentNumber": "PM-00047",
      "vendorId": "3",
      "vendorName": "Ganesh k",
      "gstTreatment": "",
      "sourceOfSupply": "",
      "destinationOfSupply": "",
      "descriptionOfSupply": "",
      "paymentAmount": 10000,
      "reverseCharge": false,
      "tds": "",
      "paymentDate": "2025-12-24",
      "paymentMode": "Cash",
      "paidThrough": "Petty Cash",
      "depositTo": "prepaid_expenses",
      "reference": "",
      "notes": "Payment for Bill #20",
      "billPayments": {
        "1766554360488": {
          "billId": "1766554360488",
          "billNumber": "20",
          "billAmount": 47259,
          "amountPaid": 10000
        }
      },
      "paymentType": "bill_payment",
      "status": "PAID",
      "createdAt": "2025-12-24T05:38:13.482Z",
      "updatedAt": "2025-12-24T05:38:13.482Z"
    },
    {
      "id": "pm-1766554752972",
      "paymentNumber": "PM-00048",
      "vendorId": "3",
      "vendorName": "Ganesh k",
      "gstTreatment": "Registered Business - Composition",
      "sourceOfSupply": "[NL] - Nagaland",
      "destinationOfSupply": "[NL] - Nagaland",
      "descriptionOfSupply": "",
      "paymentAmount": 5000,
      "reverseCharge": false,
      "tds": "",
      "paymentDate": "2025-12-24",
      "paymentMode": "cash",
      "paidThrough": "petty_cash",
      "depositTo": "prepaid_expenses",
      "reference": "",
      "notes": "",
      "billPayments": {
        "1766554360488": {
          "billId": "1766554360488",
          "billNumber": "20",
          "billAmount": 47259,
          "amountPaid": 5000
        }
      },
      "paymentType": "bill_payment",
      "status": "PAID",
      "createdAt": "2025-12-24T05:39:12.972Z",
      "updatedAt": "2025-12-24T05:39:12.972Z"
    },
    {
      "id": "pm-1766555419402",
      "paymentNumber": "PM-00049",
      "vendorId": "3",
      "vendorName": "Ganesh k",
      "gstTreatment": "",
      "sourceOfSupply": "",
      "destinationOfSupply": "",
      "descriptionOfSupply": "",
      "paymentAmount": 1000,
      "reverseCharge": false,
      "tds": "",
      "paymentDate": "2025-12-24",
      "paymentMode": "Cash",
      "paidThrough": "Petty Cash",
      "depositTo": "prepaid_expenses",
      "reference": "",
      "notes": "Payment for Bill #20",
      "billPayments": {
        "1766554360488": {
          "billId": "1766554360488",
          "billNumber": "20",
          "billAmount": 47259,
          "amountPaid": 1000
        }
      },
      "paymentType": "bill_payment",
      "status": "PAID",
      "createdAt": "2025-12-24T05:50:19.397Z",
      "updatedAt": "2025-12-24T05:50:19.397Z"
    },
    {
      "id": "pm-1766555634893",
      "paymentNumber": "PM-00050",
      "vendorId": "3",
      "vendorName": "Ganesh k",
      "gstTreatment": "",
      "sourceOfSupply": "",
      "destinationOfSupply": "",
      "descriptionOfSupply": "",
      "paymentAmount": 4000,
      "reverseCharge": false,
      "tds": "",
      "paymentDate": "2025-12-24",
      "paymentMode": "Cash",
      "paidThrough": "Petty Cash",
      "depositTo": "prepaid_expenses",
      "reference": "",
      "notes": "Payment for Bill #20",
      "billPayments": {
        "1766554360488": {
          "billId": "1766554360488",
          "billNumber": "20",
          "billAmount": 47259,
          "amountPaid": 4000
        }
      },
      "paymentType": "bill_payment",
      "status": "PAID",
      "createdAt": "2025-12-24T05:53:54.885Z",
      "updatedAt": "2025-12-24T05:53:54.885Z"
    },
    {
      "id": "pm-1766556100573",
      "paymentNumber": "PM-00051",
      "vendorId": "3",
      "vendorName": "Ganesh k",
      "gstTreatment": "",
      "sourceOfSupply": "",
      "destinationOfSupply": "",
      "descriptionOfSupply": "",
      "paymentAmount": 100,
      "reverseCharge": false,
      "tds": "",
      "paymentDate": "2025-12-24",
      "paymentMode": "Cash",
      "paidThrough": "Petty Cash",
      "depositTo": "prepaid_expenses",
      "reference": "",
      "notes": "Payment for Bill #20",
      "billPayments": {
        "1766554360488": {
          "billId": "1766554360488",
          "billNumber": "20",
          "billAmount": 47259,
          "amountPaid": 100
        }
      },
      "paymentType": "bill_payment",
      "status": "PAID",
      "createdAt": "2025-12-24T06:01:40.564Z",
      "updatedAt": "2025-12-24T06:01:40.564Z"
    },
    {
      "id": "pm-1766556134936",
      "paymentNumber": "PM-00052",
      "vendorId": "3",
      "vendorName": "Ganesh k",
      "gstTreatment": "Registered Business - Composition",
      "sourceOfSupply": "[NL] - Nagaland",
      "destinationOfSupply": "[NL] - Nagaland",
      "descriptionOfSupply": "",
      "paymentAmount": 100,
      "reverseCharge": false,
      "tds": "",
      "paymentDate": "2025-12-24",
      "paymentMode": "cash",
      "paidThrough": "petty_cash",
      "depositTo": "prepaid_expenses",
      "reference": "",
      "notes": "",
      "billPayments": {
        "1766554360488": {
          "billId": "1766554360488",
          "billNumber": "20",
          "billAmount": 47259,
          "amountPaid": 100
        }
      },
      "paymentType": "bill_payment",
      "status": "PAID",
      "createdAt": "2025-12-24T06:02:14.936Z",
      "updatedAt": "2025-12-24T06:02:14.936Z"
    },
    {
      "id": "pm-1766556212055",
      "paymentNumber": "PM-00053",
      "vendorId": "3",
      "vendorName": "Ganesh k",
      "gstTreatment": "Registered Business - Composition",
      "sourceOfSupply": "[NL] - Nagaland",
      "destinationOfSupply": "[NL] - Nagaland",
      "descriptionOfSupply": "",
      "paymentAmount": 200,
      "reverseCharge": false,
      "tds": "",
      "paymentDate": "2025-12-24",
      "paymentMode": "cash",
      "paidThrough": "petty_cash",
      "depositTo": "prepaid_expenses",
      "reference": "",
      "notes": "",
      "billPayments": {
        "1766554360488": {
          "billId": "1766554360488",
          "billNumber": "20",
          "billAmount": 47259,
          "amountPaid": 200
        }
      },
      "paymentType": "bill_payment",
      "status": "PAID",
      "createdAt": "2025-12-24T06:03:32.055Z",
      "updatedAt": "2025-12-24T06:03:32.055Z"
    },
    {
      "id": "pm-1766556412508",
      "paymentNumber": "PM-00054",
      "vendorId": "3",
      "vendorName": "Ganesh k",
      "gstTreatment": "Registered Business - Composition",
      "sourceOfSupply": "[NL] - Nagaland",
      "destinationOfSupply": "[NL] - Nagaland",
      "descriptionOfSupply": "",
      "paymentAmount": 600,
      "reverseCharge": false,
      "tds": "",
      "paymentDate": "2025-12-24",
      "paymentMode": "cash",
      "paidThrough": "petty_cash",
      "depositTo": "prepaid_expenses",
      "reference": "",
      "notes": "",
      "billPayments": {
        "1766554360488": {
          "billId": "1766554360488",
          "billNumber": "20",
          "billAmount": 47259,
          "amountPaid": 600
        }
      },
      "paymentType": "bill_payment",
      "status": "PAID",
      "createdAt": "2025-12-24T06:06:52.508Z",
      "updatedAt": "2025-12-24T06:06:52.508Z"
    },
    {
      "id": "pm-1766556629474",
      "paymentNumber": "PM-00055",
      "vendorId": "3",
      "vendorName": "Ganesh k",
      "gstTreatment": "Registered Business - Composition",
      "sourceOfSupply": "[NL] - Nagaland",
      "destinationOfSupply": "[NL] - Nagaland",
      "descriptionOfSupply": "",
      "paymentAmount": 500,
      "reverseCharge": false,
      "tds": "",
      "paymentDate": "2025-12-24",
      "paymentMode": "cash",
      "paidThrough": "petty_cash",
      "depositTo": "prepaid_expenses",
      "reference": "",
      "notes": "",
      "billPayments": {
        "1766554360488": {
          "billId": "1766554360488",
          "billNumber": "20",
          "billAmount": 47259,
          "amountPaid": 500
        }
      },
      "paymentType": "bill_payment",
      "status": "PAID",
      "createdAt": "2025-12-24T06:10:29.474Z",
      "updatedAt": "2025-12-24T06:10:29.474Z"
    },
    {
      "id": "pm-1766556773557",
      "paymentNumber": "PM-00056",
      "vendorId": "3",
      "vendorName": "Ganesh k",
      "gstTreatment": "",
      "sourceOfSupply": "",
      "destinationOfSupply": "",
      "descriptionOfSupply": "",
      "paymentAmount": 500,
      "reverseCharge": false,
      "tds": "",
      "paymentDate": "2025-12-24",
      "paymentMode": "Cash",
      "paidThrough": "Petty Cash",
      "depositTo": "prepaid_expenses",
      "reference": "",
      "notes": "Payment for Bill #20",
      "billPayments": {
        "1766554360488": {
          "billId": "1766554360488",
          "billNumber": "20",
          "billAmount": 47259,
          "amountPaid": 500
        }
      },
      "paymentType": "bill_payment",
      "status": "PAID",
      "createdAt": "2025-12-24T06:12:53.522Z",
      "updatedAt": "2025-12-24T06:12:53.522Z"
    },
    {
      "id": "pm-1766556827875",
      "paymentNumber": "PM-00057",
      "vendorId": "3",
      "vendorName": "Ganesh k",
      "gstTreatment": "Registered Business - Composition",
      "sourceOfSupply": "[NL] - Nagaland",
      "destinationOfSupply": "[NL] - Nagaland",
      "descriptionOfSupply": "",
      "paymentAmount": 400,
      "reverseCharge": false,
      "tds": "",
      "paymentDate": "2025-12-24",
      "paymentMode": "cash",
      "paidThrough": "petty_cash",
      "depositTo": "prepaid_expenses",
      "reference": "",
      "notes": "",
      "billPayments": {
        "1766554360488": {
          "billId": "1766554360488",
          "billNumber": "20",
          "billAmount": 47259,
          "amountPaid": 400
        }
      },
      "paymentType": "bill_payment",
      "status": "PAID",
      "createdAt": "2025-12-24T06:13:47.875Z",
      "updatedAt": "2025-12-24T06:13:47.875Z"
    },
    {
      "id": "pm-1766556877910",
      "paymentNumber": "PM-00058",
      "vendorId": "3",
      "vendorName": "Ganesh k",
      "gstTreatment": "",
      "sourceOfSupply": "",
      "destinationOfSupply": "",
      "descriptionOfSupply": "",
      "paymentAmount": 400,
      "reverseCharge": false,
      "tds": "",
      "paymentDate": "2025-12-24",
      "paymentMode": "Cash",
      "paidThrough": "Petty Cash",
      "depositTo": "prepaid_expenses",
      "reference": "",
      "notes": "Payment for Bill #20",
      "billPayments": {
        "1766554360488": {
          "billId": "1766554360488",
          "billNumber": "20",
          "billAmount": 47259,
          "amountPaid": 400
        }
      },
      "paymentType": "bill_payment",
      "status": "PAID",
      "createdAt": "2025-12-24T06:14:37.905Z",
      "updatedAt": "2025-12-24T06:14:37.905Z"
    },
    {
      "id": "pm-1766557030468",
      "paymentNumber": "PM-00059",
      "vendorId": "1",
      "vendorName": "Nilraj Bhilare",
      "gstTreatment": "",
      "sourceOfSupply": "",
      "destinationOfSupply": "",
      "descriptionOfSupply": "",
      "paymentAmount": 500,
      "reverseCharge": false,
      "tds": "",
      "paymentDate": "2025-12-24",
      "paymentMode": "Cash",
      "paidThrough": "Petty Cash",
      "depositTo": "prepaid_expenses",
      "reference": "",
      "notes": "Payment for Bill #18",
      "billPayments": {
        "1766546511524": {
          "billId": "1766546511524",
          "billNumber": "18",
          "billAmount": 40600,
          "amountPaid": 500
        }
      },
      "paymentType": "bill_payment",
      "status": "PAID",
      "createdAt": "2025-12-24T06:17:10.461Z",
      "updatedAt": "2025-12-24T06:17:10.461Z"
    },
    {
      "id": "pm-1766633724127",
      "paymentNumber": "PM-00060",
      "vendorId": "7",
      "vendorName": "Vikas  Traders Pvt Ltd ",
      "gstTreatment": "",
      "sourceOfSupply": "",
      "destinationOfSupply": "",
      "descriptionOfSupply": "",
      "paymentAmount": 7200,
      "reverseCharge": false,
      "tds": "",
      "paymentDate": "2025-12-25",
      "paymentMode": "Cash",
      "paidThrough": "Petty Cash",
      "depositTo": "prepaid_expenses",
      "reference": "",
      "notes": "Payment for Bill #22",
      "billPayments": {
        "1766633708822": {
          "billId": "1766633708822",
          "billNumber": "22",
          "billAmount": 47200,
          "amountPaid": 7200
        }
      },
      "paymentType": "bill_payment",
      "status": "PAID",
      "createdAt": "2025-12-25T03:35:24.123Z",
      "updatedAt": "2025-12-25T03:35:24.123Z"
    },
    {
      "id": "pm-1766633762197",
      "paymentNumber": "PM-00061",
      "vendorId": "7",
      "vendorName": "Vikas  Traders Pvt Ltd ",
      "gstTreatment": "Registered Business - Regular",
      "sourceOfSupply": "[MH] - Maharashtra",
      "destinationOfSupply": "[MH] - Maharashtra",
      "descriptionOfSupply": "",
      "paymentAmount": 20000,
      "reverseCharge": false,
      "tds": "",
      "paymentDate": "2025-12-25",
      "paymentMode": "cash",
      "paidThrough": "petty_cash",
      "depositTo": "prepaid_expenses",
      "reference": "",
      "notes": "",
      "billPayments": {
        "1766633708822": {
          "billId": "1766633708822",
          "billNumber": "22",
          "billAmount": 47200,
          "amountPaid": 20000
        }
      },
      "paymentType": "bill_payment",
      "status": "PAID",
      "createdAt": "2025-12-25T03:36:02.197Z",
      "updatedAt": "2025-12-25T03:36:02.197Z"
    },
    {
      "id": "pm-1766634335007",
      "paymentNumber": "PM-00062",
      "vendorId": "7",
      "vendorName": "Vikas  Traders Pvt Ltd ",
      "gstTreatment": "",
      "sourceOfSupply": "",
      "destinationOfSupply": "",
      "descriptionOfSupply": "",
      "paymentAmount": 1000,
      "reverseCharge": false,
      "tds": "",
      "paymentDate": "2025-12-25",
      "paymentMode": "Cash",
      "paidThrough": "Petty Cash",
      "depositTo": "prepaid_expenses",
      "reference": "",
      "notes": "Payment for Bill #22",
      "billPayments": {
        "1766633708822": {
          "billId": "1766633708822",
          "billNumber": "22",
          "billAmount": 47200,
          "amountPaid": 1000
        }
      },
      "paymentType": "bill_payment",
      "status": "PAID",
      "createdAt": "2025-12-25T03:45:34.999Z",
      "updatedAt": "2025-12-25T03:45:34.999Z"
    },
    {
      "id": "pm-1766634498526",
      "paymentNumber": "PM-00063",
      "vendorId": "7",
      "vendorName": "Vikas  Traders Pvt Ltd ",
      "gstTreatment": "",
      "sourceOfSupply": "",
      "destinationOfSupply": "",
      "descriptionOfSupply": "",
      "paymentAmount": 500,
      "reverseCharge": false,
      "tds": "",
      "paymentDate": "2025-12-25",
      "paymentMode": "Cash",
      "paidThrough": "Petty Cash",
      "depositTo": "prepaid_expenses",
      "reference": "",
      "notes": "Payment for Bill #22",
      "billPayments": {
        "1766633708822": {
          "billId": "1766633708822",
          "billNumber": "22",
          "billAmount": 47200,
          "amountPaid": 500
        }
      },
      "paymentType": "bill_payment",
      "paymentSource": "record_payment",
      "status": "PAID",
      "createdAt": "2025-12-25T03:48:18.472Z",
      "updatedAt": "2025-12-25T03:48:18.472Z"
    },
    {
      "id": "pm-1766634531114",
      "paymentNumber": "PM-00064",
      "vendorId": "7",
      "vendorName": "Vikas  Traders Pvt Ltd ",
      "gstTreatment": "Registered Business - Regular",
      "sourceOfSupply": "[MH] - Maharashtra",
      "destinationOfSupply": "[MH] - Maharashtra",
      "descriptionOfSupply": "",
      "paymentAmount": 700,
      "reverseCharge": false,
      "tds": "",
      "paymentDate": "2025-12-25",
      "paymentMode": "cash",
      "paidThrough": "petty_cash",
      "depositTo": "prepaid_expenses",
      "reference": "",
      "notes": "",
      "billPayments": {
        "1766633708822": {
          "billId": "1766633708822",
          "billNumber": "22",
          "billAmount": 47200,
          "amountPaid": 700
        }
      },
      "paymentType": "bill_payment",
      "status": "PAID",
      "createdAt": "2025-12-25T03:48:51.114Z",
      "updatedAt": "2025-12-25T03:48:51.114Z"
    },
    {
      "id": "pm-1766636435977",
      "paymentNumber": "PM-00065",
      "vendorId": "7",
      "vendorName": "Vikas  Traders Pvt Ltd ",
      "gstTreatment": "Registered Business - Regular",
      "sourceOfSupply": "[MH] - Maharashtra",
      "destinationOfSupply": "[MH] - Maharashtra",
      "descriptionOfSupply": "",
      "paymentAmount": 800,
      "reverseCharge": false,
      "tds": "",
      "paymentDate": "2025-12-25",
      "paymentMode": "cash",
      "paidThrough": "petty_cash",
      "depositTo": "prepaid_expenses",
      "reference": "",
      "notes": "",
      "billPayments": {
        "1766633708822": {
          "billId": "1766633708822",
          "billNumber": "22",
          "billAmount": 47200,
          "amountPaid": 800
        }
      },
      "paymentType": "bill_payment",
      "status": "PAID",
      "createdAt": "2025-12-25T04:20:35.977Z",
      "updatedAt": "2025-12-25T04:20:35.977Z"
    }
  ],
  "nextPaymentNumber": 66
}