{
  "vendorCredits": [
    {
      "id": "vc-1766372918133",
      "creditNumber": "VC-00005",
      "referenceNumber": "1212",
      "vendorId": "1",
      "vendorName": "Nilraj Bhilare",
      "orderNumber": "1212",
      "date": "2025-12-22",
      "subject": "Purchessing rice",
      "reverseCharge": false,
      "taxType": "tds",
      "tdsTcs": "rent_10",
      "items": [
        {
          "id": "item-1766372878188",
          "itemId": "1765535400204",
          "itemName": "Rice",
          "description": "Bulk purchase of raw rice directly from vendors. High-grade grains with minimal impurities.",
          "account": "cost_of_goods_sold",
          "quantity": 1,
          "rate": "560",
          "tax": "gst_5",
          "amount": 560,
          "taxAmount": 28,
          "hsnSac": ""
        },
        {
          "id": "item-1766372881462",
          "itemId": "1766056260714",
          "itemName": "Rice (Copy)",
          "description": "Bulk purchase of raw rice directly from vendors. High-grade grains with minimal impurities.",
          "account": "cost_of_goods_sold",
          "quantity": 11,
          "rate": "60",
          "tax": "gst_12",
          "amount": 660,
          "taxAmount": 79.2,
          "hsnSac": ""
        }
      ],
      "subTotal": 1220,
      "discountType": "percentage",
      "discountValue": "10",
      "discountAmount": 122,
      "cgst": 0,
      "sgst": 0,
      "igst": 0,
      "tdsTcsAmount": 109.8,
      "adjustment": 0,
      "amount": 1095.4,
      "balance": 0,
      "notes": "",
      "status": "REFUNDED",
      "createdAt": "2025-12-22T03:08:38.133Z",
      "updatedAt": "2025-12-22T04:14:17.674Z"
    },
    {
      "id": "vc-1766402071399",
      "creditNumber": "VC-00010",
      "referenceNumber": "",
      "vendorId": "3",
      "vendorName": "Ganesh k",
      "orderNumber": "",
      "date": "2025-12-22",
      "subject": "Vendor Credit for Bill #13",
      "reverseCharge": false,
      "taxType": "tds",
      "tdsTcs": "",
      "items": [
        {
          "id": "item-1766402060350-0",
          "itemId": "1765535400204",
          "itemName": "Rice",
          "description": "Premium quality rice sourced from local farms. Ideal for daily cooking, delivers consistent taste and texture.\n",
          "account": "cost_of_goods_sold",
          "quantity": 13,
          "rate": 50,
          "tax": "igst_18",
          "taxAmount": 117,
          "amount": 650,
          "hsnSac": ""
        },
        {
          "id": "item-1766402060350-1",
          "itemId": "1766056260714",
          "itemName": "Rice (Copy)",
          "description": "Premium quality rice sourced from local farms. Ideal for daily cooking, delivers consistent taste and texture.\n",
          "account": "cost_of_goods",
          "quantity": 31,
          "rate": 50,
          "tax": "gst_28",
          "taxAmount": 434,
          "amount": 1550,
          "hsnSac": ""
        },
        {
          "id": "item-1766494176162",
          "itemId": "1766469453909",
          "itemName": "HP ProDesk Desktop",
          "description": "HP ProDesk desktop computer for office and professional use.\n",
          "account": "cost_of_goods_sold",
          "quantity": 1,
          "rate": 45,
          "tax": "gst_12",
          "taxAmount": 5.4,
          "amount": 45,
          "hsnSac": ""
        }
      ],
      "subTotal": 2245,
      "discountType": "percentage",
      "discountValue": "",
      "discountAmount": 0,
      "cgst": 0,
      "sgst": 0,
      "igst": 0,
      "tdsTcsAmount": 0,
      "adjustment": 0,
      "amount": 2801.4,
      "balance": 0,
      "notes": "Created from Bill #13",
      "status": "REFUNDED",
      "createdAt": "2025-12-22T11:14:31.399Z",
      "updatedAt": "2025-12-24T03:50:00.013Z",
      "creditNoteNumber": "VC-00010",
      "vendorCreditDate": "2025-12-22",
      "taxAmount": 556.4,
      "total": 2801.4
    },
    {
      "id": "vc-1766494306632",
      "creditNumber": "VC-00011",
      "referenceNumber": "",
      "vendorId": "2",
      "vendorName": "Ganesh kale",
      "orderNumber": "",
      "date": "2025-12-23",
      "subject": "",
      "reverseCharge": false,
      "taxType": "tds",
      "tdsTcs": "",
      "items": [
        {
          "id": "item-1766494265280",
          "itemId": "1766469453909",
          "itemName": "HP ProDesk Desktop",
          "description": "HP ProDesk desktop computer for office and professional use.\n",
          "account": "cost_of_goods_sold",
          "quantity": 1,
          "rate": 45000,
          "tax": "gst_12",
          "taxAmount": 5400,
          "amount": 45000,
          "hsnSac": ""
        },
        {
          "id": "item-1766494287944",
          "itemId": "1765535400204",
          "itemName": "Rice",
          "description": "Bulk purchase of raw rice directly from vendors. High-grade grains with minimal impurities.",
          "account": "input_tax_credits",
          "quantity": 12,
          "rate": 60,
          "tax": "gst_5",
          "taxAmount": 36,
          "amount": 720,
          "hsnSac": ""
        }
      ],
      "subTotal": 45720,
      "discountType": "percentage",
      "discountValue": "",
      "discountAmount": 0,
      "cgst": 0,
      "sgst": 0,
      "igst": 0,
      "tdsTcsAmount": 0,
      "adjustment": 0,
      "amount": 51156,
      "balance": 0,
      "notes": "",
      "status": "CLOSED",
      "createdAt": "2025-12-23T12:51:46.632Z",
      "updatedAt": "2025-12-24T03:24:52.066Z",
      "creditNoteNumber": "VC-00011",
      "vendorCreditDate": "2025-12-23",
      "taxAmount": 5436,
      "total": 51156
    },
    {
      "id": "vc-1766494760998",
      "creditNumber": "VC-00012",
      "referenceNumber": "",
      "vendorId": "1",
      "vendorName": "Nilraj Bhilare",
      "orderNumber": "",
      "date": "2025-12-23",
      "subject": "",
      "reverseCharge": false,
      "taxType": "tds",
      "tdsTcs": "",
      "items": [
        {
          "id": "item-1766494749832-0",
          "itemId": "",
          "itemName": "Rice (Copy)",
          "description": "Premium quality rice sourced from local farms. Ideal for daily cooking, delivers consistent taste and texture.\n",
          "account": "input_tax_credits",
          "quantity": 2,
          "rate": 50,
          "tax": "cgst_9",
          "taxAmount": 9,
          "amount": 100,
          "hsnSac": ""
        },
        {
          "id": "item-1766494749832-1",
          "itemId": "",
          "itemName": "HP ProDesk Desktop",
          "description": "HP ProDesk desktop computer for office and professional use.\n",
          "account": "prepaid_expenses",
          "quantity": 1,
          "rate": 45000,
          "tax": "none",
          "taxAmount": 0,
          "amount": 45000,
          "hsnSac": ""
        }
      ],
      "subTotal": 45100,
      "discountType": "percentage",
      "discountValue": "50",
      "discountAmount": 22550,
      "cgst": 0,
      "sgst": 0,
      "igst": 0,
      "tdsTcsAmount": 0,
      "adjustment": 0,
      "amount": 22559,
      "balance": 0,
      "notes": "",
      "status": "CLOSED",
      "createdAt": "2025-12-23T12:59:20.998Z",
      "updatedAt": "2025-12-24T03:26:33.292Z",
      "creditNoteNumber": "VC-00012",
      "vendorCreditDate": "2025-12-23",
      "taxAmount": 9,
      "total": 22559
    },
    {
      "id": "vc-1766545362378",
      "creditNumber": "VC-00013",
      "referenceNumber": "",
      "vendorId": "3",
      "vendorName": "Ganesh k",
      "orderNumber": "",
      "date": "2025-12-24",
      "subject": "",
      "reverseCharge": false,
      "taxType": "tds",
      "tdsTcs": "",
      "items": [
        {
          "id": "item-1766545346872-0",
          "itemId": "1765535400204",
          "itemName": "Rice",
          "description": "Bulk purchase of raw rice directly from vendors. High-grade grains with minimal impurities.",
          "account": "cost_of_goods",
          "quantity": 31,
          "rate": "60",
          "tax": "gst_18",
          "taxAmount": 279,
          "amount": 1860,
          "billId": "1766545255466",
          "billNumber": "16",
          "billDate": "2025-12-24",
          "balanceDue": 1888,
          "billTotal": 1888,
          "hsnSac": ""
        },
        {
          "id": "item-1766545346872-1",
          "itemId": "1766056260714",
          "itemName": "Rice (Copy)",
          "description": "Bulk purchase of raw rice directly from vendors. High-grade grains with minimal impurities.",
          "account": "cost_of_goods",
          "quantity": 1,
          "rate": "60",
          "tax": "gst_18",
          "taxAmount": 9,
          "amount": 60,
          "billId": "1766545255466",
          "billNumber": "16",
          "billDate": "2025-12-24",
          "balanceDue": 1888,
          "billTotal": 1888,
          "hsnSac": ""
        }
      ],
      "subTotal": 1920,
      "discountType": "percentage",
      "discountValue": "",
      "discountAmount": 0,
      "cgst": 0,
      "sgst": 0,
      "igst": 0,
      "tdsTcsAmount": 0,
      "adjustment": 0,
      "amount": 2208,
      "balance": 2208,
      "notes": "",
      "status": "OPEN",
      "createdAt": "2025-12-24T03:02:42.373Z",
      "updatedAt": "2025-12-24T03:02:42.373Z"
    },
    {
      "id": "vc-1766546919227",
      "creditNumber": "VC-00014",
      "referenceNumber": "",
      "vendorId": "3",
      "vendorName": "Ganesh k",
      "orderNumber": "",
      "date": "2025-12-24",
      "subject": "Vendor Credit for Bill #16",
      "reverseCharge": false,
      "taxType": "tds",
      "tdsTcs": "",
      "items": [
        {
          "id": "item-1766546913628-0",
          "itemId": "1765535400204",
          "itemName": "Rice",
          "description": "Premium quality rice sourced from local farms. Ideal for daily cooking, delivers consistent taste and texture.\n",
          "account": "cost_of_goods",
          "quantity": 31,
          "rate": "50",
          "tax": "gst_18",
          "taxAmount": 279,
          "amount": 1550,
          "hsnSac": ""
        },
        {
          "id": "item-1766546913628-1",
          "itemId": "1766056260714",
          "itemName": "Rice (Copy)",
          "description": "Premium quality rice sourced from local farms. Ideal for daily cooking, delivers consistent taste and texture.\n",
          "account": "cost_of_goods",
          "quantity": 1,
          "rate": "50",
          "tax": "gst_18",
          "taxAmount": 9,
          "amount": 50,
          "hsnSac": ""
        }
      ],
      "subTotal": 1600,
      "discountType": "percentage",
      "discountValue": "",
      "discountAmount": 0,
      "cgst": 0,
      "sgst": 0,
      "igst": 0,
      "tdsTcsAmount": 0,
      "adjustment": 0,
      "amount": 1888,
      "balance": 1888,
      "notes": "Created from Bill #16",
      "status": "OPEN",
      "createdAt": "2025-12-24T03:28:39.227Z",
      "updatedAt": "2025-12-24T03:28:39.227Z"
    },
    {
      "id": "vc-1766554458859",
      "creditNumber": "VC-00015",
      "referenceNumber": "",
      "vendorId": "3",
      "vendorName": "Ganesh k",
      "orderNumber": "",
      "date": "2025-12-24",
      "subject": "",
      "reverseCharge": false,
      "taxType": "tds",
      "tdsTcs": "",
      "items": [
        {
          "id": "item-1766554451414-0",
          "itemId": "",
          "itemName": "HP ProDesk Desktop",
          "description": "HP ProDesk desktop computer for office and professional use.\n",
          "account": "cost_of_goods",
          "quantity": 1,
          "rate": "40000",
          "tax": "gst_18",
          "taxAmount": 7200,
          "amount": 40000,
          "billId": "1766554360488",
          "billNumber": "20",
          "billDate": "2025-12-24",
          "balanceDue": 45000,
          "billTotal": 47259,
          "hsnSac": ""
        },
        {
          "id": "item-1766554451415-1",
          "itemId": "",
          "itemName": "Rice",
          "description": "Premium quality rice sourced from local farms. Ideal for daily cooking, delivers consistent taste and texture.\n",
          "account": "cost_of_goods",
          "quantity": 1,
          "rate": "50",
          "tax": "gst_18",
          "taxAmount": 9,
          "amount": 50,
          "billId": "1766554360488",
          "billNumber": "20",
          "billDate": "2025-12-24",
          "balanceDue": 45000,
          "billTotal": 47259,
          "hsnSac": ""
        }
      ],
      "subTotal": 40050,
      "discountType": "percentage",
      "discountValue": "",
      "discountAmount": 0,
      "cgst": 0,
      "sgst": 0,
      "igst": 0,
      "tdsTcsAmount": 0,
      "adjustment": 0,
      "amount": 47259,
      "balance": 22259,
      "notes": "",
      "status": "OPEN",
      "createdAt": "2025-12-24T05:34:18.859Z",
      "updatedAt": "2025-12-29T09:40:09.546Z"
    },
    {
      "id": "vc-1766636555005",
      "creditNumber": "VC-00016",
      "referenceNumber": "",
      "vendorId": "7",
      "vendorName": "Vikas  Traders Pvt Ltd ",
      "orderNumber": "",
      "date": "2025-12-25",
      "subject": "",
      "reverseCharge": false,
      "taxType": "tds",
      "tdsTcs": "",
      "items": [
        {
          "id": "item-1766636543920-0",
          "itemId": "1766469453909",
          "itemName": "HP ProDesk Desktop",
          "description": "HP ProDesk desktop computer for office and professional use.\n",
          "account": "discount",
          "quantity": 1,
          "rate": "45000",
          "tax": "gst_18",
          "taxAmount": 7200,
          "amount": 45000,
          "billId": "1766633708822",
          "billNumber": "22",
          "billDate": "2025-12-25",
          "balanceDue": 37000,
          "billTotal": 47200,
          "hsnSac": ""
        }
      ],
      "subTotal": 45000,
      "discountType": "percentage",
      "discountValue": "",
      "discountAmount": 0,
      "cgst": 0,
      "sgst": 0,
      "igst": 0,
      "tdsTcsAmount": 0,
      "adjustment": 0,
      "amount": 52200,
      "balance": 52200,
      "notes": "",
      "status": "OPEN",
      "createdAt": "2025-12-25T04:22:35.005Z",
      "updatedAt": "2025-12-25T04:22:35.005Z"
    }
  ],
  "nextCreditNumber": 17
}