{
  "vendors": [
    {
      "id": "1",
      "salutation": "Mr.",
      "firstName": "Nilraj",
      "lastName": "Bhilare",
      "companyName": "RMD Sinhgad School of Computer Studies, Pune (Sinhgad Institutes)",
      "displayName": "Nilraj Bhilare",
      "email": "bhilarenilraj@gmail.com",
      "workPhone": "09373533564",
      "mobile": "",
      "gstTreatment": "Registered Business - Composition",
      "sourceOfSupply": "[AP] - Andhra Pradesh",
      "pan": "DKLDKLD",
      "msmeRegistered": false,
      "currency": "INR",
      "openingBalance": 400,
      "paymentTerms": "Due on Receipt",
      "tds": "",
      "billingAddress": {
        "attention": "",
        "countryRegion": "",
        "street1": "",
        "street2": "",
        "city": "",
        "state": "",
        "pinCode": "",
        "phone": "",
        "faxNumber": ""
      },
      "shippingAddress": {
        "attention": "",
        "countryRegion": "",
        "street1": "",
        "street2": "",
        "city": "",
        "state": "",
        "pinCode": "",
        "phone": "",
        "faxNumber": ""
      },
      "bankDetails": {
        "accountHolderName": "",
        "bankName": "",
        "accountNumber": "",
        "ifscCode": "",
        "swiftCode": "",
        "branchName": ""
      },
      "remarks": "",
      "contactPersons": [],
      "status": "active",
      "payables": 0,
      "unusedCredits": 0,
      "createdAt": "2025-12-10T12:04:16.268Z",
      "updatedAt": "2025-12-10T12:04:16.269Z"
    },
    {
      "id": "2",
      "salutation": "Mr.",
      "firstName": "Ganesh",
      "lastName": "kale",
      "companyName": "Amazon",
      "displayName": "Ganesh kale",
      "email": "ganesh@gmail.com",
      "workPhone": "1234211323",
      "mobile": "",
      "gstTreatment": "Registered Business - Composition",
      "sourceOfSupply": "[NL] - Nagaland",
      "pan": "KCWPK1232H",
      "msmeRegistered": false,
      "currency": "INR",
      "openingBalance": 2311,
      "paymentTerms": "Due on Receipt",
      "tds": "tds-194c",
      "billingAddress": {
        "attention": "Bhumkar chown pune",
        "countryRegion": "India",
        "street1": "Bhumkar chown ",
        "street2": "pune",
        "city": "pune",
        "state": "[UK] - Uttarakhand",
        "pinCode": "",
        "phone": "",
        "faxNumber": ""
      },
      "shippingAddress": {
        "attention": "Bhumkar chown pune",
        "countryRegion": "India",
        "street1": "Bhumkar chown ",
        "street2": "pune",
        "city": "pune",
        "state": "[UK] - Uttarakhand",
        "pinCode": "",
        "phone": "",
        "faxNumber": ""
      },
      "bankDetails": {
        "accountHolderName": "",
        "bankName": "",
        "accountNumber": "",
        "ifscCode": "",
        "swiftCode": "",
        "branchName": ""
      },
      "remarks": "",
      "contactPersons": [
        {
          "id": "1765437716731",
          "salutation": "Mr.",
          "firstName": "kjnkj",
          "lastName": ",m ,m",
          "email": "saf@gamil.com",
          "workPhone": "123132423",
          "mobile": ""
        },
        {
          "id": "1765437716798",
          "salutation": "",
          "firstName": "",
          "lastName": "",
          "email": "",
          "workPhone": "",
          "mobile": ""
        }
      ],
      "status": "active",
      "payables": 0,
      "unusedCredits": 0,
      "createdAt": "2025-12-11T07:22:16.837Z",
      "updatedAt": "2025-12-11T07:22:16.837Z"
    },
    {
      "id": "3",
      "salutation": "Mr.",
      "firstName": "Ganesh",
      "lastName": "kale",
      "companyName": "Amazon",
      "displayName": "Ganesh k",
      "email": "ganeshkale030303@gmail.com",
      "workPhone": "1234211323",
      "mobile": "",
      "gstTreatment": "Registered Business - Composition",
      "sourceOfSupply": "[NL] - Nagaland",
      "pan": "KCWPK1232H",
      "msmeRegistered": false,
      "currency": "INR",
      "openingBalance": 2311,
      "paymentTerms": "Due on Receipt",
      "tds": "interest-other-10",
      "billingAddress": {
        "attention": "Bhumkar chown pune",
        "countryRegion": "India",
        "street1": "Bhumkar chown ",
        "street2": "pune",
        "city": "pune",
        "state": "[UK] - Uttarakhand",
        "pinCode": "",
        "phone": "",
        "faxNumber": ""
      },
      "shippingAddress": {
        "attention": "Bhumkar chown pune",
        "countryRegion": "India",
        "street1": "Bhumkar chown ",
        "street2": "pune",
        "city": "pune",
        "state": "[UK] - Uttarakhand",
        "pinCode": "",
        "phone": "",
        "faxNumber": ""
      },
      "bankDetails": {
        "accountHolderName": "",
        "bankName": "",
        "accountNumber": "",
        "ifscCode": "",
        "swiftCode": "",
        "branchName": ""
      },
      "remarks": "",
      "contactPersons": [
        {
          "id": "1765437716731",
          "salutation": "Mr.",
          "firstName": "kjnkj",
          "lastName": ",m ,m",
          "email": "saf@gamil.com",
          "workPhone": "123132423",
          "mobile": ""
        },
        {
          "id": "1765437716798",
          "salutation": "",
          "firstName": "",
          "lastName": "",
          "email": "",
          "workPhone": "",
          "mobile": ""
        }
      ],
      "status": "active",
      "payables": 0,
      "unusedCredits": 0,
      "createdAt": "2025-12-11T07:40:45.923Z",
      "updatedAt": "2026-01-08T11:57:00.850Z",
      "msmeRegistrationType": "",
      "msmeRegistrationNumber": "",
      "attachments": [],
      "expenseAccount": ""
    },
    {
      "id": "4",
      "salutation": "Mr.",
      "firstName": "Sham",
      "lastName": "Prasad",
      "companyName": "sham",
      "displayName": "Sham",
      "email": "sham@gmail.com",
      "workPhone": "09899123412",
      "mobile": "",
      "gstTreatment": "Registered Business - Regular",
      "sourceOfSupply": "[HP] - Himachal Pradesh",
      "pan": "AAGCA4900Q",
      "msmeRegistered": true,
      "currency": "INR",
      "openingBalance": 100,
      "paymentTerms": "Net 15",
      "tds": "tds-194c",
      "billingAddress": {
        "attention": "wfwf",
        "countryRegion": "India",
        "street1": "flat No. 605, B wing ,Ganesh Galaxy, Dattangar",
        "street2": "Aambegaoun, pune.",
        "city": "Varodi Daymukh",
        "state": "[TR] - Tripura",
        "pinCode": "411046",
        "phone": "98991234",
        "faxNumber": "24334"
      },
      "shippingAddress": {
        "attention": "wfwf",
        "countryRegion": "India",
        "street1": "flat No. 605, B wing ,Ganesh Galaxy, Dattangar",
        "street2": "Aambegaoun, pune.",
        "city": "Varodi Daymukh",
        "state": "[TR] - Tripura",
        "pinCode": "411046",
        "phone": "98991234",
        "faxNumber": "24334"
      },
      "bankDetails": {
        "accountHolderName": "",
        "bankName": "",
        "accountNumber": "",
        "ifscCode": "",
        "swiftCode": "",
        "branchName": ""
      },
      "remarks": "",
      "contactPersons": [
        {
          "id": "1765966500549",
          "salutation": "Mr.",
          "firstName": "ragv",
          "lastName": "raj",
          "email": "ragv@gmail.com",
          "workPhone": "31234414",
          "mobile": "331231233"
        }
      ],
      "status": "active",
      "payables": 0,
      "unusedCredits": 0,
      "createdAt": "2025-12-17T10:15:47.869Z",
      "updatedAt": "2025-12-17T10:16:11.914Z",
      "comments": [
        {
          "id": "1765966584961",
          "text": "dwefeec",
          "author": "Admin User",
          "createdAt": "2025-12-17T10:16:24.961Z"
        }
      ]
    },
    {
      "id": "6",
      "salutation": "Mr.",
      "firstName": "Rahul",
      "lastName": "Sharma",
      "companyName": "Sharma Traders Pvt Ltd",
      "displayName": "Sharma Traders Pvt Ltd",
      "email": "accounts@sharmatraders.in",
      "workPhone": "022-45678900",
      "mobile": "9876543210",
      "gstTreatment": "Registered Business - Regular",
      "sourceOfSupply": "[MH] - Maharashtra",
      "pan": "ABCDE1234F",
      "expenseAccount": "Cost Of Goods Sold",
      "msmeRegistered": false,
      "msmeRegistrationType": "",
      "msmeRegistrationNumber": "",
      "currency": "INR",
      "openingBalance": 0,
      "paymentTerms": "Net 15",
      "tds": "",
      "billingAddress": {
        "attention": "Accounts Department",
        "countryRegion": "India",
        "street1": "Plot No. 21, Industrial Area",
        "street2": "MIDC Phase 2",
        "city": "Pune",
        "state": "[MH] - Maharashtra",
        "pinCode": "411019",
        "phone": "020-25678945",
        "faxNumber": ""
      },
      "shippingAddress": {
        "attention": "Accounts Department",
        "countryRegion": "India",
        "street1": "Plot No. 21, Industrial Area",
        "street2": "MIDC Phase 2",
        "city": "Pune",
        "state": "[MH] - Maharashtra",
        "pinCode": "411019",
        "phone": "020-25678945",
        "faxNumber": ""
      },
      "bankDetails": {
        "accountHolderName": "Sharma Traders Pvt Ltd",
        "bankName": "HDFC Bank",
        "accountNumber": "50200123456789",
        "ifscCode": "HDFC0001234",
        "swiftCode": "CURRENT",
        "branchName": "Pune Industrial Branch"
      },
      "remarks": "Preferred vendor for bulk raw material purchases. Timely payments required.",
      "contactPersons": [
        {
          "id": "1766380433189",
          "salutation": "Mr.",
          "firstName": "Ankit",
          "lastName": "Sharma",
          "email": "ankit@sharmatraders.in",
          "workPhone": "9876501234",
          "mobile": ""
        }
      ],
      "status": "active",
      "payables": 0,
      "unusedCredits": 0,
      "createdAt": "2025-12-22T05:15:01.048Z",
      "updatedAt": "2025-12-22T05:15:01.048Z"
    },
    {
      "id": "7",
      "salutation": "Mr.",
      "firstName": "Vikas",
      "lastName": "Patel",
      "companyName": "Vikas Traders Pvt Ltd",
      "displayName": "Vikas  Traders Pvt Ltd ",
      "email": "accounts@vikastraders.in",
      "workPhone": "022-45678900",
      "mobile": "9876543210",
      "gstTreatment": "Registered Business - Regular",
      "sourceOfSupply": "[MH] - Maharashtra",
      "pan": "ABCDE1234F",
      "expenseAccount": "Cost Of Goods Sold",
      "msmeRegistered": false,
      "msmeRegistrationType": "",
      "msmeRegistrationNumber": "",
      "currency": "INR",
      "openingBalance": 0,
      "paymentTerms": "Net 15",
      "tds": "",
      "billingAddress": {
        "attention": "Accounts Department",
        "countryRegion": "India",
        "street1": "Plot No. 21, Industrial Area",
        "street2": "MIDC Phase 2",
        "city": "Pune",
        "state": "[MH] - Maharashtra",
        "pinCode": "411019",
        "phone": "020-25678945",
        "faxNumber": ""
      },
      "shippingAddress": {
        "attention": "Accounts Department",
        "countryRegion": "India",
        "street1": "Plot No. 21, Industrial Area",
        "street2": "MIDC Phase 2",
        "city": "Pune",
        "state": "[MH] - Maharashtra",
        "pinCode": "411019",
        "phone": "020-25678945",
        "faxNumber": ""
      },
      "bankDetails": {
        "accountHolderName": "Vikas Traders Pvt Ltd",
        "bankName": "HDFC Bank",
        "accountNumber": "50200123456789",
        "ifscCode": "HDFC0001234",
        "swiftCode": "CURRENT",
        "branchName": "Pune Industrial Branch"
      },
      "remarks": "Preferred vendor for bulk raw material purchases. Timely payments required.",
      "contactPersons": [
        {
          "id": "1766380433189",
          "salutation": "Mr.",
          "firstName": "Ankit",
          "lastName": "Patel",
          "email": "vikas@gmail.com",
          "workPhone": "9876501234",
          "mobile": ""
        }
      ],
      "status": "active",
      "payables": 0,
      "unusedCredits": 0,
      "createdAt": "2025-12-25T03:30:50.416Z",
      "updatedAt": "2025-12-25T03:33:01.087Z"
    }
  ],
  "nextVendorId": 8
}